id,Period,Data_value,Series_title_2
1,2004.03,16307.6,Credit
2,2005.03,18481.2,Credit
3,2006.03,20210.6,Credit
4,2007.03,22272.1,Credit
5,2008.03,23982.4,Credit
6,2009.03,24381.1,Credit
7,2010.03,24135.6,Credit
8,2011.03,24851.6,Credit
9,2012.03,26411.2,Credit
10,2013.03,27504.1,Credit
11,2014.03,29840.0,Credit
12,2015.03,31607.8,Credit
13,2016.03,34681.6,Credit
14,2017.03,39191.6,Credit
15,2018.03,46065.7,Credit
16,2019.03,50302.3,Credit
17,2020.03,52670.7,Credit
18,2021.03,55518.7,Credit
19,2022.03,61696.6,Credit
20,2004.03,20571.1,Debit
21,2005.03,22274.9,Debit
22,2006.03,24093.1,Debit
23,2007.03,26344.6,Debit
24,2008.03,28686.8,Debit
25,2009.03,30094.4,Debit
26,2010.03,31841.8,Debit
27,2011.03,33773.3,Debit
28,2012.03,36203.5,Debit
29,2013.03,37792.0,Debit
30,2014.03,39407.1,Debit
31,2015.03,40712.5,Debit
32,2016.03,41807.0,Debit
33,2017.03,42142.5,Debit
34,2018.03,41618.6,Debit
35,2019.03,41143.5,Debit
36,2020.03,41298.0,Debit
37,2021.03,34397.4,Debit
38,2022.03,33128.3,Debit
39,2004.03,981.4,Services
40,2005.03,1129.4,Services
41,2006.03,1269.5,Services
42,2007.03,1412.3,Services
43,2008.03,1563.6,Services
44,2009.03,1671.6,Services
45,2010.03,1762.2,Services
46,2011.03,1846.8,Services
47,2012.03,1975.0,Services
48,2013.03,2096.4,Services
49,2014.03,2358.2,Services
50,2015.03,2591.7,Services
51,2016.03,2796.7,Services
52,2017.03,3023.5,Services
53,2018.03,3304.7,Services
54,2019.03,3525.6,Services
55,2020.03,3630.0,Services
56,2021.03,3465.2,Services
57,2022.03,3554.4,Services
58,2004.03,175164639.0,Credit
59,2005.03,195790533.0,Credit
60,2006.03,210968205.0,Credit
61,2007.03,225913337.0,Credit
62,2008.03,240051535.0,Credit
63,2009.03,245016363.0,Credit
64,2010.03,251415302.0,Credit
65,2011.03,256962888.0,Credit
66,2012.03,271075612.0,Credit
67,2013.03,289001419.0,Credit
68,2014.03,323503974.0,Credit
69,2015.03,363251739.0,Credit
70,2016.03,430282120.0,Credit
71,2017.03,543191000.0,Credit
72,2018.03,693853089.0,Credit
73,2019.03,793562791.0,Credit
74,2020.03,852565339.0,Credit
75,2021.03,967199480.0,Credit
76,2022.03,1055538960.0,Credit
77,2004.03,509814572.0,Debit
78,2005.03,558839222.0,Debit
79,2006.03,610772760.0,Debit
80,2007.03,666142647.0,Debit
81,2008.03,734739528.0,Debit
82,2009.03,782427695.0,Debit
83,2010.03,840540083.0,Debit
84,2011.03,894644906.0,Debit
85,2012.03,944043462.0,Debit
86,2013.03,983374794.0,Debit
87,2014.03,1026274143.0,Debit
88,2015.03,1063773918.0,Debit
89,2016.03,1083708547.0,Debit
90,2017.03,1084268722.0,Debit
91,2018.03,1060412526.0,Debit
92,2019.03,1041887440.0,Debit
93,2020.03,1021875875.0,Debit
94,2021.03,765492859.0,Debit
95,2022.03,709745173.0,Debit
96,2002.1,1204.4,Credit
97,2002.11,1291.3,Credit
98,2002.12,1587.8,Credit
99,2003.01,1275.4,Credit
100,2003.02,1246.5,Credit
101,2003.03,1326.0,Credit
102,2003.04,1215.2,Credit
103,2003.05,1236.9,Credit
104,2003.06,1144.4,Credit
105,2003.07,1270.9,Credit
106,2003.08,1243.0,Credit
107,2003.09,1238.7,Credit
108,2003.1,1334.8,Credit
109,2003.11,1429.8,Credit
110,2003.12,1797.0,Credit
111,2004.01,1434.4,Credit
112,2004.02,1414.9,Credit
113,2004.03,1547.6,Credit
114,2004.04,1437.6,Credit
115,2004.05,1417.6,Credit
116,2004.06,1357.0,Credit
117,2004.07,1470.4,Credit
118,2004.08,1438.5,Credit
119,2004.09,1429.9,Credit
120,2004.1,1513.8,Credit
121,2004.11,1640.9,Credit
122,2004.12,1967.8,Credit
123,2005.01,1551.9,Credit
124,2005.02,1565.5,Credit
125,2005.03,1690.4,Credit
126,2005.04,1575.6,Credit
127,2005.05,1529.3,Credit
128,2005.06,1490.4,Credit
129,2005.07,1604.4,Credit
130,2005.08,1589.3,Credit
131,2005.09,1578.6,Credit
132,2005.1,1656.4,Credit
133,2005.11,1773.0,Credit
134,2005.12,2114.1,Credit
135,2006.01,1694.8,Credit
136,2006.02,1703.7,Credit
137,2006.03,1901.1,Credit
138,2006.04,1692.9,Credit
139,2006.05,1757.3,Credit
140,2006.06,1664.8,Credit
141,2006.07,1750.5,Credit
142,2006.08,1760.8,Credit
143,2006.09,1717.2,Credit
144,2006.1,1819.8,Credit
145,2006.11,1962.1,Credit
146,2006.12,2337.1,Credit
147,2007.01,1876.6,Credit
148,2007.02,1867.5,Credit
149,2007.03,2065.6,Credit
150,2007.04,1823.6,Credit
151,2007.05,1871.4,Credit
152,2007.06,1787.8,Credit
153,2007.07,1881.0,Credit
154,2007.08,1894.7,Credit
155,2007.09,1853.5,Credit
156,2007.1,1972.6,Credit
157,2007.11,2156.3,Credit
158,2007.12,2507.8,Credit
159,2008.01,2034.6,Credit
160,2008.02,2074.5,Credit
161,2008.03,2124.5,Credit
162,2008.04,1979.6,Credit
163,2008.05,2016.7,Credit
164,2008.06,1864.1,Credit
165,2008.07,2016.8,Credit
166,2008.08,1969.5,Credit
167,2008.09,1958.4,Credit
168,2008.1,2053.3,Credit
169,2008.11,2072.4,Credit
170,2008.12,2461.2,Credit
171,2009.01,1965.8,Credit
172,2009.02,1940.4,Credit
173,2009.03,2082.9,Credit
174,2009.04,1902.6,Credit
175,2009.05,1906.3,Credit
176,2009.06,1806.2,Credit
177,2009.07,1957.7,Credit
178,2009.08,1897.7,Credit
179,2009.09,1896.5,Credit
180,2009.1,1999.7,Credit
181,2009.11,2089.6,Credit
182,2009.12,2525.8,Credit
183,2010.01,2004.7,Credit
184,2010.02,1970.3,Credit
185,2010.03,2178.6,Credit
186,2010.04,1942.4,Credit
187,2010.05,1950.2,Credit
188,2010.06,1868.3,Credit
189,2010.07,1978.6,Credit
190,2010.08,1931.9,Credit
191,2010.09,1968.1,Credit
192,2010.1,2017.9,Credit
193,2010.11,2202.3,Credit
194,2010.12,2620.1,Credit
195,2011.01,2080.9,Credit
196,2011.02,2061.4,Credit
197,2011.03,2229.5,Credit
198,2011.04,2069.2,Credit
199,2011.05,2062.6,Credit
200,2011.06,1966.6,Credit
201,2011.07,2091.0,Credit
202,2011.08,2054.8,Credit
203,2011.09,2070.3,Credit
204,2011.1,2200.1,Credit
205,2011.11,2331.5,Credit
206,2011.12,2771.2,Credit
207,2012.01,2209.4,Credit
208,2012.02,2230.0,Credit
209,2012.03,2354.6,Credit
210,2012.04,2112.1,Credit
211,2012.05,2188.9,Credit
212,2012.06,2076.8,Credit
213,2012.07,2136.6,Credit
214,2012.08,2186.6,Credit
215,2012.09,2136.8,Credit
216,2012.1,2292.7,Credit
217,2012.11,2451.3,Credit
218,2012.12,2855.8,Credit
219,2013.01,2333.8,Credit
220,2013.02,2290.5,Credit
221,2013.03,2442.0,Credit
222,2013.04,2306.3,Credit
223,2013.05,2352.4,Credit
224,2013.06,2221.0,Credit
225,2013.07,2375.1,Credit
226,2013.08,2369.5,Credit
227,2013.09,2288.2,Credit
228,2013.1,2502.5,Credit
229,2013.11,2654.4,Credit
230,2013.12,3100.6,Credit
231,2014.01,2563.1,Credit
232,2014.02,2478.4,Credit
233,2014.03,2628.6,Credit
234,2014.04,2430.7,Credit
235,2014.05,2524.8,Credit
236,2014.06,2363.6,Credit
237,2014.07,2499.0,Credit
238,2014.08,2462.8,Credit
239,2014.09,2445.3,Credit
240,2014.1,2682.3,Credit
241,2014.11,2779.1,Credit
242,2014.12,3288.7,Credit
243,2015.01,2692.0,Credit
244,2015.02,2616.8,Credit
245,2015.03,2822.6,Credit
246,2015.04,2572.2,Credit
247,2015.05,2683.1,Credit
248,2015.06,2595.7,Credit
249,2015.07,2774.3,Credit
250,2015.08,2700.9,Credit
251,2015.09,2693.0,Credit
252,2015.1,2926.3,Credit
253,2015.11,3050.5,Credit
254,2015.12,3629.9,Credit
255,2016.01,2975.5,Credit
256,2016.02,2982.9,Credit
257,2016.03,3097.3,Credit
258,2016.04,2933.4,Credit
259,2016.05,2937.2,Credit
260,2016.06,2855.0,Credit
261,2016.07,2998.1,Credit
262,2016.08,2948.8,Credit
263,2016.09,3004.3,Credit
264,2016.1,3210.7,Credit
265,2016.11,3366.1,Credit
266,2016.12,4017.0,Credit
267,2017.01,3614.6,Credit
268,2017.02,3487.9,Credit
269,2017.03,3818.5,Credit
270,2017.04,3477.2,Credit
271,2017.05,3597.6,Credit
272,2017.06,3462.5,Credit
273,2017.07,3563.7,Credit
274,2017.08,3594.0,Credit
275,2017.09,3554.0,Credit
276,2017.1,3815.2,Credit
277,2017.11,4100.6,Credit
278,2017.12,4727.0,Credit
279,2018.01,4037.6,Credit
280,2018.02,3888.3,Credit
281,2018.03,4248.0,Credit
282,2018.04,3830.5,Credit
283,2018.05,3978.5,Credit
284,2018.06,3835.2,Credit
285,2018.07,3944.4,Credit
286,2018.08,4024.5,Credit
287,2018.09,3961.2,Credit
288,2018.1,4296.0,Credit
289,2018.11,4496.4,Credit
290,2018.12,5002.4,Credit
291,2019.01,4350.1,Credit
292,2019.02,4135.8,Credit
293,2019.03,4447.2,Credit
294,2019.04,4143.2,Credit
295,2019.05,4230.3,Credit
296,2019.06,4004.2,Credit
297,2019.07,4150.2,Credit
298,2019.08,4229.3,Credit
299,2019.09,4123.2,Credit
300,2019.1,4450.3,Credit
301,2019.11,4747.5,Credit
302,2019.12,5266.5,Credit
303,2020.01,4584.2,Credit
304,2020.02,4475.2,Credit
305,2020.03,4266.7,Credit
306,2020.04,2487.9,Credit
307,2020.05,4292.8,Credit
308,2020.06,4627.9,Credit
309,2020.07,4797.2,Credit
310,2020.08,4472.1,Credit
311,2020.09,4693.8,Credit
312,2020.1,5073.8,Credit
313,2020.11,5111.0,Credit
314,2020.12,5803.5,Credit
315,2021.01,4807.1,Credit
316,2021.02,4419.8,Credit
317,2021.03,4931.7,Credit
318,2021.04,4864.7,Credit
319,2021.05,5078.4,Credit
320,2021.06,4985.5,Credit
321,2021.07,5360.7,Credit
322,2021.08,4246.3,Credit
323,2021.09,4351.8,Credit
324,2021.1,5041.0,Credit
325,2021.11,5638.6,Credit
326,2021.12,6511.0,Credit
327,2022.01,5441.5,Credit
328,2022.02,4805.5,Credit
329,2022.03,5371.7,Credit
330,2022.04,5393.3,Credit
331,2022.05,5648.3,Credit
332,2022.06,5506.8,Credit
333,2022.07,5677.8,Credit
334,2022.08,5677.4,Credit
335,2022.09,5758.2,Credit
336,2022.1,6086.1,Credit
337,2022.11,6275.9,Credit
338,2022.12,7018.3,Credit
339,2002.1,1615.6,Debit
340,2002.11,1588.7,Debit
341,2002.12,1910.6,Debit
342,2003.01,1573.5,Debit
343,2003.02,1466.9,Debit
344,2003.03,1615.7,Debit
345,2003.04,1586.3,Debit
346,2003.05,1676.5,Debit
347,2003.06,1552.4,Debit
348,2003.07,1687.0,Debit
349,2003.08,1684.8,Debit
350,2003.09,1632.9,Debit
351,2003.1,1741.5,Debit
352,2003.11,1737.1,Debit
353,2003.12,2114.9,Debit
354,2004.01,1732.1,Debit
355,2004.02,1642.1,Debit
356,2004.03,1783.3,Debit
357,2004.04,1778.6,Debit
358,2004.05,1793.2,Debit
359,2004.06,1730.0,Debit
360,2004.07,1855.4,Debit
361,2004.08,1791.6,Debit
362,2004.09,1791.5,Debit
363,2004.1,1847.8,Debit
364,2004.11,1877.7,Debit
365,2004.12,2291.6,Debit
366,2005.01,1838.9,Debit
367,2005.02,1746.2,Debit
368,2005.03,1932.5,Debit
369,2005.04,1917.4,Debit
370,2005.05,1907.8,Debit
371,2005.06,1882.7,Debit
372,2005.07,1977.6,Debit
373,2005.08,1959.8,Debit
374,2005.09,1954.4,Debit
375,2005.1,2013.1,Debit
376,2005.11,2049.2,Debit
377,2005.12,2464.0,Debit
378,2006.01,1974.8,Debit
379,2006.02,1876.1,Debit
380,2006.03,2116.4,Debit
381,2006.04,2040.7,Debit
382,2006.05,2115.8,Debit
383,2006.06,2069.1,Debit
384,2006.07,2128.4,Debit
385,2006.08,2143.3,Debit
386,2006.09,2112.9,Debit
387,2006.1,2170.3,Debit
388,2006.11,2243.0,Debit
389,2006.12,2707.3,Debit
390,2007.01,2182.7,Debit
391,2007.02,2088.9,Debit
392,2007.03,2342.2,Debit
393,2007.04,2234.2,Debit
394,2007.05,2333.4,Debit
395,2007.06,2262.2,Debit
396,2007.07,2306.5,Debit
397,2007.08,2369.2,Debit
398,2007.09,2293.3,Debit
399,2007.1,2379.8,Debit
400,2007.11,2464.4,Debit
401,2007.12,2907.7,Debit
402,2008.01,2374.9,Debit
403,2008.02,2324.2,Debit
404,2008.03,2437.0,Debit
405,2008.04,2375.4,Debit
406,2008.05,2507.1,Debit
407,2008.06,2296.3,Debit
408,2008.07,2459.3,Debit
409,2008.08,2480.4,Debit
410,2008.09,2413.8,Debit
411,2008.1,2587.9,Debit
412,2008.11,2547.1,Debit
413,2008.12,3022.2,Debit
414,2009.01,2513.7,Debit
415,2009.02,2341.3,Debit
416,2009.03,2549.9,Debit
417,2009.04,2528.3,Debit
418,2009.05,2631.0,Debit
419,2009.06,2454.7,Debit
420,2009.07,2632.8,Debit
421,2009.08,2605.4,Debit
422,2009.09,2557.1,Debit
423,2009.1,2697.3,Debit
424,2009.11,2652.6,Debit
425,2009.12,3211.2,Debit
426,2010.01,2641.8,Debit
427,2010.02,2477.2,Debit
428,2010.03,2752.5,Debit
429,2010.04,2654.0,Debit
430,2010.05,2704.0,Debit
431,2010.06,2592.3,Debit
432,2010.07,2781.9,Debit
433,2010.08,2704.6,Debit
434,2010.09,2708.2,Debit
435,2010.1,2865.7,Debit
436,2010.11,2876.5,Debit
437,2010.12,3454.0,Debit
438,2011.01,2803.6,Debit
439,2011.02,2650.3,Debit
440,2011.03,2978.2,Debit
441,2011.04,2923.0,Debit
442,2011.05,2916.1,Debit
443,2011.06,2837.2,Debit
444,2011.07,2979.9,Debit
445,2011.08,2938.8,Debit
446,2011.09,2899.5,Debit
447,2011.1,3020.3,Debit
448,2011.11,3043.6,Debit
449,2011.12,3636.7,Debit
450,2012.01,2946.2,Debit
451,2012.02,2913.5,Debit
452,2012.03,3148.6,Debit
453,2012.04,2974.0,Debit
454,2012.05,3127.5,Debit
455,2012.06,3002.8,Debit
456,2012.07,3050.7,Debit
457,2012.08,3143.7,Debit
458,2012.09,2998.3,Debit
459,2012.1,3152.4,Debit
460,2012.11,3241.1,Debit
461,2012.12,3751.6,Debit
462,2013.01,3145.6,Debit
463,2013.02,2959.7,Debit
464,2013.03,3244.5,Debit
465,2013.04,3118.4,Debit
466,2013.05,3269.6,Debit
467,2013.06,3090.3,Debit
468,2013.07,3232.3,Debit
469,2013.08,3290.2,Debit
470,2013.09,3090.8,Debit
471,2013.1,3328.7,Debit
472,2013.11,3390.5,Debit
473,2013.12,3902.2,Debit
474,2014.01,3267.1,Debit
475,2014.02,3077.6,Debit
476,2014.03,3349.4,Debit
477,2014.04,3237.0,Debit
478,2014.05,3463.1,Debit
479,2014.06,3184.2,Debit
480,2014.07,3358.7,Debit
481,2014.08,3355.2,Debit
482,2014.09,3199.8,Debit
483,2014.1,3472.0,Debit
484,2014.11,3442.0,Debit
485,2014.12,4029.8,Debit
486,2015.01,3391.4,Debit
487,2015.02,3149.6,Debit
488,2015.03,3429.6,Debit
489,2015.04,3335.0,Debit
490,2015.05,3484.4,Debit
491,2015.06,3280.2,Debit
492,2015.07,3483.2,Debit
493,2015.08,3409.6,Debit
494,2015.09,3313.1,Debit
495,2015.1,3560.3,Debit
496,2015.11,3492.1,Debit
497,2015.12,4171.2,Debit
498,2016.01,3420.1,Debit
499,2016.02,3331.8,Debit
500,2016.03,3526.0,Debit
501,2016.04,3479.5,Debit
502,2016.05,3474.3,Debit
503,2016.06,3401.9,Debit
504,2016.07,3538.8,Debit
505,2016.08,3417.0,Debit
506,2016.09,3382.7,Debit
507,2016.1,3548.3,Debit
508,2016.11,3558.2,Debit
509,2016.12,4198.9,Debit
510,2017.01,3391.5,Debit
511,2017.02,3216.2,Debit
512,2017.03,3535.3,Debit
513,2017.04,3375.0,Debit
514,2017.05,3505.7,Debit
515,2017.06,3361.3,Debit
516,2017.07,3410.1,Debit
517,2017.08,3426.8,Debit
518,2017.09,3343.9,Debit
519,2017.1,3479.0,Debit
520,2017.11,3587.6,Debit
521,2017.12,4129.3,Debit
522,2018.01,3345.2,Debit
523,2018.02,3137.2,Debit
524,2018.03,3517.5,Debit
525,2018.04,3265.4,Debit
526,2018.05,3454.7,Debit
527,2018.06,3328.4,Debit
528,2018.07,3373.4,Debit
529,2018.08,3445.8,Debit
530,2018.09,3304.1,Debit
531,2018.1,3479.2,Debit
532,2018.11,3527.1,Debit
533,2018.12,4002.4,Debit
534,2019.01,3357.1,Debit
535,2019.02,3151.3,Debit
536,2019.03,3454.8,Debit
537,2019.04,3312.2,Debit
538,2019.05,3491.6,Debit
539,2019.06,3268.7,Debit
540,2019.07,3398.1,Debit
541,2019.08,3482.4,Debit
542,2019.09,3292.9,Debit
543,2019.1,3539.5,Debit
544,2019.11,3604.2,Debit
545,2019.12,4032.6,Debit
546,2020.01,3413.1,Debit
547,2020.02,3356.4,Debit
548,2020.03,3106.2,Debit
549,2020.04,1143.7,Debit
550,2020.05,2412.1,Debit
551,2020.06,2950.2,Debit
552,2020.07,3225.0,Debit
553,2020.08,2828.3,Debit
554,2020.09,2959.9,Debit
555,2020.1,3204.2,Debit
556,2020.11,3175.8,Debit
557,2020.12,3664.7,Debit
558,2021.01,3038.0,Debit
559,2021.02,2780.1,Debit
560,2021.03,3015.4,Debit
561,2021.04,3017.6,Debit
562,2021.05,3114.5,Debit
563,2021.06,3002.1,Debit
564,2021.07,3139.0,Debit
565,2021.08,2187.1,Debit
566,2021.09,2123.4,Debit
567,2021.1,2497.5,Debit
568,2021.11,2774.8,Debit
569,2021.12,3321.8,Debit
570,2022.01,2776.4,Debit
571,2022.02,2486.0,Debit
572,2022.03,2688.2,Debit
573,2022.04,2748.0,Debit
574,2022.05,2831.3,Debit
575,2022.06,2743.8,Debit
576,2022.07,2808.4,Debit
577,2022.08,2845.8,Debit
578,2022.09,2847.4,Debit
579,2022.1,2979.0,Debit
580,2022.11,3022.9,Debit
581,2022.12,3414.5,Debit
582,2002.1,1229.4,Credit
583,2002.11,1221.9,Credit
584,2002.12,1294.1,Credit
585,2003.01,1265.0,Credit
586,2003.02,1266.9,Credit
587,2003.03,1263.2,Credit
588,2003.04,1259.2,Credit
589,2003.05,1271.5,Credit
590,2003.06,1277.5,Credit
591,2003.07,1309.0,Credit
592,2003.08,1311.9,Credit
593,2003.09,1331.7,Credit
594,2003.1,1346.8,Credit
595,2003.11,1380.3,Credit
596,2003.12,1447.4,Credit
597,2004.01,1429.1,Credit
598,2004.02,1405.0,Credit
599,2004.03,1455.5,Credit
600,2004.04,1476.4,Credit
601,2004.05,1482.1,Credit
602,2004.06,1501.8,Credit
603,2004.07,1504.4,Credit
604,2004.08,1526.7,Credit
605,2004.09,1532.4,Credit
606,2004.1,1547.6,Credit
607,2004.11,1563.2,Credit
608,2004.12,1571.7,Credit
609,2005.01,1575.5,Credit
610,2005.02,1595.7,Credit
611,2005.03,1592.3,Credit
612,2005.04,1624.9,Credit
613,2005.05,1598.0,Credit
614,2005.06,1642.3,Credit
615,2005.07,1660.8,Credit
616,2005.08,1665.5,Credit
617,2005.09,1674.6,Credit
618,2005.1,1700.0,Credit
619,2005.11,1692.1,Credit
620,2005.12,1695.0,Credit
621,2006.01,1724.6,Credit
622,2006.02,1740.2,Credit
623,2006.03,1772.6,Credit
624,2006.04,1783.5,Credit
625,2006.05,1814.1,Credit
626,2006.06,1818.7,Credit
627,2006.07,1823.2,Credit
628,2006.08,1847.0,Credit
629,2006.09,1819.8,Credit
630,2006.1,1863.3,Credit
631,2006.11,1868.6,Credit
632,2006.12,1895.3,Credit
633,2007.01,1890.6,Credit
634,2007.02,1912.7,Credit
635,2007.03,1933.3,Credit
636,2007.04,1916.7,Credit
637,2007.05,1934.6,Credit
638,2007.06,1955.7,Credit
639,2007.07,1960.8,Credit
640,2007.08,1965.7,Credit
641,2007.09,1994.8,Credit
642,2007.1,1992.2,Credit
643,2007.11,2039.4,Credit
644,2007.12,2045.6,Credit
645,2008.01,2055.6,Credit
646,2008.02,2036.3,Credit
647,2008.03,2024.7,Credit
648,2008.04,2069.3,Credit
649,2008.05,2070.7,Credit
650,2008.06,2067.6,Credit
651,2008.07,2082.0,Credit
652,2008.08,2075.5,Credit
653,2008.09,2073.2,Credit
654,2008.1,2052.1,Credit
655,2008.11,2003.2,Credit
656,2008.12,1982.7,Credit
657,2009.01,1969.8,Credit
658,2009.02,1995.4,Credit
659,2009.03,1988.8,Credit
660,2009.04,1986.5,Credit
661,2009.05,1978.4,Credit
662,2009.06,1983.6,Credit
663,2009.07,2004.0,Credit
664,2009.08,2014.4,Credit
665,2009.09,2006.5,Credit
666,2009.1,2000.9,Credit
667,2009.11,2008.1,Credit
668,2009.12,2037.6,Credit
669,2010.01,2027.8,Credit
670,2010.02,2027.9,Credit
671,2010.03,2063.3,Credit
672,2010.04,2013.3,Credit
673,2010.05,2036.2,Credit
674,2010.06,2050.9,Credit
675,2010.07,2035.5,Credit
676,2010.08,2052.9,Credit
677,2010.09,2078.8,Credit
678,2010.1,2036.0,Credit
679,2010.11,2095.6,Credit
680,2010.12,2091.3,Credit
681,2011.01,2112.2,Credit
682,2011.02,2123.4,Credit
683,2011.03,2123.2,Credit
684,2011.04,2151.9,Credit
685,2011.05,2150.9,Credit
686,2011.06,2147.0,Credit
687,2011.07,2179.8,Credit
688,2011.08,2159.3,Credit
689,2011.09,2176.1,Credit
690,2011.1,2227.7,Credit
691,2011.11,2217.9,Credit
692,2011.12,2220.4,Credit
693,2012.01,2238.6,Credit
694,2012.02,2214.3,Credit
695,2012.03,2234.8,Credit
696,2012.04,2228.8,Credit
697,2012.05,2257.9,Credit
698,2012.06,2250.8,Credit
699,2012.07,2241.4,Credit
700,2012.08,2279.5,Credit
701,2012.09,2306.1,Credit
702,2012.1,2289.2,Credit
703,2012.11,2306.3,Credit
704,2012.12,2330.0,Credit
705,2013.01,2335.4,Credit
706,2013.02,2361.3,Credit
707,2013.03,2350.5,Credit
708,2013.04,2411.0,Credit
709,2013.05,2398.4,Credit
710,2013.06,2447.5,Credit
711,2013.07,2461.9,Credit
712,2013.08,2480.5,Credit
713,2013.09,2464.6,Credit
714,2013.1,2500.7,Credit
715,2013.11,2504.2,Credit
716,2013.12,2535.8,Credit
717,2014.01,2534.2,Credit
718,2014.02,2553.4,Credit
719,2014.03,2549.4,Credit
720,2014.04,2539.0,Credit
721,2014.05,2582.1,Credit
722,2014.06,2586.4,Credit
723,2014.07,2592.5,Credit
724,2014.08,2608.0,Credit
725,2014.09,2616.1,Credit
726,2014.1,2652.4,Credit
727,2014.11,2675.6,Credit
728,2014.12,2667.6,Credit
729,2015.01,2664.9,Credit
730,2015.02,2694.4,Credit
731,2015.03,2736.3,Credit
732,2015.04,2677.8,Credit
733,2015.05,2772.3,Credit
734,2015.06,2810.1,Credit
735,2015.07,2848.2,Credit
736,2015.08,2879.0,Credit
737,2015.09,2881.3,Credit
738,2015.1,2902.5,Credit
739,2015.11,2923.9,Credit
740,2015.12,2968.1,Credit
741,2016.01,2971.1,Credit
742,2016.02,2956.9,Credit
743,2016.03,2970.9,Credit
744,2016.04,3038.2,Credit
745,2016.05,3051.8,Credit
746,2016.06,3079.7,Credit
747,2016.07,3124.4,Credit
748,2016.08,3102.0,Credit
749,2016.09,3172.9,Credit
750,2016.1,3234.7,Credit
751,2016.11,3201.1,Credit
752,2016.12,3286.1,Credit
753,2017.01,3622.1,Credit
754,2017.02,3601.2,Credit
755,2017.03,3631.1,Credit
756,2017.04,3674.4,Credit
757,2017.05,3688.4,Credit
758,2017.06,3695.7,Credit
759,2017.07,3736.6,Credit
760,2017.08,3777.2,Credit
761,2017.09,3743.8,Credit
762,2017.1,3829.4,Credit
763,2017.11,3886.8,Credit
764,2017.12,3941.5,Credit
765,2018.01,3999.5,Credit
766,2018.02,4036.0,Credit
767,2018.03,4072.0,Credit
768,2018.04,4032.7,Credit
769,2018.05,4077.3,Credit
770,2018.06,4084.6,Credit
771,2018.07,4131.3,Credit
772,2018.08,4162.0,Credit
773,2018.09,4229.1,Credit
774,2018.1,4241.1,Credit
775,2018.11,4228.1,Credit
776,2018.12,4227.4,Credit
777,2019.01,4328.4,Credit
778,2019.02,4325.8,Credit
779,2019.03,4342.7,Credit
780,2019.04,4336.8,Credit
781,2019.05,4272.9,Credit
782,2019.06,4321.7,Credit
783,2019.07,4281.9,Credit
784,2019.08,4362.9,Credit
785,2019.09,4352.7,Credit
786,2019.1,4373.1,Credit
787,2019.11,4475.2,Credit
788,2019.12,4482.4,Credit
789,2020.01,4536.0,Credit
790,2020.02,4567.2,Credit
791,2020.03,4226.4,Credit
792,2020.04,2607.8,Credit
793,2020.05,4380.3,Credit
794,2020.06,4895.6,Credit
795,2020.07,4884.9,Credit
796,2020.08,4664.5,Credit
797,2020.09,4890.8,Credit
798,2020.1,4925.6,Credit
799,2020.11,4889.5,Credit
800,2020.12,4916.8,Credit
801,2021.01,4850.7,Credit
802,2021.02,4698.1,Credit
803,2021.03,4867.9,Credit
804,2021.04,5074.7,Credit
805,2021.05,5189.4,Credit
806,2021.06,5251.5,Credit
807,2021.07,5448.5,Credit
808,2021.08,4412.6,Credit
809,2021.09,4505.0,Credit
810,2021.1,4926.5,Credit
811,2021.11,5351.3,Credit
812,2021.12,5481.4,Credit
813,2022.01,5547.9,Credit
814,2022.02,5133.7,Credit
815,2022.03,5341.8,Credit
816,2022.04,5650.4,Credit
817,2022.05,5751.2,Credit
818,2022.06,5766.0,Credit
819,2022.07,5812.6,Credit
820,2022.08,5816.5,Credit
821,2022.09,5905.7,Credit
822,2022.1,5971.3,Credit
823,2022.11,5968.4,Credit
824,2022.12,5942.9,Credit
825,2002.1,1618.3,Debit
826,2002.11,1557.5,Debit
827,2002.12,1603.3,Debit
828,2003.01,1599.2,Debit
829,2003.02,1612.3,Debit
830,2003.03,1618.7,Debit
831,2003.04,1626.9,Debit
832,2003.05,1653.8,Debit
833,2003.06,1643.4,Debit
834,2003.07,1686.0,Debit
835,2003.08,1699.6,Debit
836,2003.09,1706.7,Debit
837,2003.1,1724.6,Debit
838,2003.11,1731.7,Debit
839,2003.12,1755.9,Debit
840,2004.01,1755.0,Debit
841,2004.02,1760.0,Debit
842,2004.03,1782.6,Debit
843,2004.04,1799.5,Debit
844,2004.05,1805.9,Debit
845,2004.06,1816.8,Debit
846,2004.07,1829.9,Debit
847,2004.08,1838.0,Debit
848,2004.09,1852.1,Debit
849,2004.1,1847.6,Debit
850,2004.11,1872.3,Debit
851,2004.12,1873.9,Debit
852,2005.01,1901.7,Debit
853,2005.02,1917.1,Debit
854,2005.03,1922.2,Debit
855,2005.04,1939.3,Debit
856,2005.05,1937.4,Debit
857,2005.06,1961.4,Debit
858,2005.07,1979.2,Debit
859,2005.08,1989.0,Debit
860,2005.09,2008.3,Debit
861,2005.1,2027.3,Debit
862,2005.11,2036.9,Debit
863,2005.12,2011.4,Debit
864,2006.01,2059.1,Debit
865,2006.02,2056.3,Debit
866,2006.03,2082.0,Debit
867,2006.04,2100.4,Debit
868,2006.05,2123.0,Debit
869,2006.06,2146.2,Debit
870,2006.07,2151.1,Debit
871,2006.08,2164.6,Debit
872,2006.09,2167.6,Debit
873,2006.1,2203.1,Debit
874,2006.11,2210.4,Debit
875,2006.12,2242.6,Debit
876,2007.01,2248.9,Debit
877,2007.02,2286.7,Debit
878,2007.03,2295.8,Debit
879,2007.04,2316.1,Debit
880,2007.05,2327.0,Debit
881,2007.06,2348.4,Debit
882,2007.07,2355.9,Debit
883,2007.08,2366.2,Debit
884,2007.09,2391.0,Debit
885,2007.1,2385.9,Debit
886,2007.11,2413.9,Debit
887,2007.12,2432.6,Debit
888,2008.01,2433.3,Debit
889,2008.02,2436.3,Debit
890,2008.03,2436.1,Debit
891,2008.04,2446.2,Debit
892,2008.05,2463.4,Debit
893,2008.06,2441.8,Debit
894,2008.07,2474.6,Debit
895,2008.08,2502.1,Debit
896,2008.09,2517.4,Debit
897,2008.1,2549.7,Debit
898,2008.11,2534.4,Debit
899,2008.12,2529.5,Debit
900,2009.01,2536.7,Debit
901,2009.02,2557.9,Debit
902,2009.03,2567.5,Debit
903,2009.04,2584.5,Debit
904,2009.05,2617.7,Debit
905,2009.06,2598.7,Debit
906,2009.07,2621.0,Debit
907,2009.08,2648.8,Debit
908,2009.09,2662.4,Debit
909,2009.1,2645.4,Debit
910,2009.11,2652.7,Debit
911,2009.12,2684.0,Debit
912,2010.01,2697.5,Debit
913,2010.02,2703.9,Debit
914,2010.03,2738.0,Debit
915,2010.04,2698.4,Debit
916,2010.05,2711.5,Debit
917,2010.06,2737.5,Debit
918,2010.07,2760.0,Debit
919,2010.08,2773.9,Debit
920,2010.09,2801.6,Debit
921,2010.1,2844.2,Debit
922,2010.11,2859.7,Debit
923,2010.12,2863.8,Debit
924,2011.01,2881.9,Debit
925,2011.02,2889.4,Debit
926,2011.03,2946.2,Debit
927,2011.04,2970.8,Debit
928,2011.05,2949.6,Debit
929,2011.06,2967.7,Debit
930,2011.07,2994.1,Debit
931,2011.08,2981.7,Debit
932,2011.09,2992.1,Debit
933,2011.1,3017.4,Debit
934,2011.11,3016.0,Debit
935,2011.12,3012.6,Debit
936,2012.01,3054.5,Debit
937,2012.02,3059.6,Debit
938,2012.03,3070.0,Debit
939,2012.04,3092.7,Debit
940,2012.05,3112.9,Debit
941,2012.06,3116.6,Debit
942,2012.07,3115.0,Debit
943,2012.08,3140.5,Debit
944,2012.09,3152.5,Debit
945,2012.1,3140.3,Debit
946,2012.11,3165.8,Debit
947,2012.12,3175.9,Debit
948,2013.01,3211.4,Debit
949,2013.02,3219.5,Debit
950,2013.03,3207.3,Debit
951,2013.04,3227.3,Debit
952,2013.05,3217.4,Debit
953,2013.06,3256.0,Debit
954,2013.07,3264.1,Debit
955,2013.08,3277.5,Debit
956,2013.09,3275.0,Debit
957,2013.1,3296.8,Debit
958,2013.11,3306.3,Debit
959,2013.12,3334.4,Debit
960,2014.01,3300.2,Debit
961,2014.02,3345.5,Debit
962,2014.03,3341.8,Debit
963,2014.04,3343.4,Debit
964,2014.05,3395.3,Debit
965,2014.06,3370.7,Debit
966,2014.07,3376.0,Debit
967,2014.08,3386.9,Debit
968,2014.09,3375.6,Debit
969,2014.1,3397.7,Debit
970,2014.11,3408.5,Debit
971,2014.12,3405.1,Debit
972,2015.01,3417.8,Debit
973,2015.02,3424.4,Debit
974,2015.03,3456.6,Debit
975,2015.04,3419.4,Debit
976,2015.05,3460.1,Debit
977,2015.06,3451.2,Debit
978,2015.07,3463.9,Debit
979,2015.08,3470.0,Debit
980,2015.09,3487.9,Debit
981,2015.1,3466.8,Debit
982,2015.11,3471.6,Debit
983,2015.12,3510.0,Debit
984,2016.01,3492.7,Debit
985,2016.02,3505.7,Debit
986,2016.03,3500.7,Debit
987,2016.04,3548.6,Debit
988,2016.05,3507.0,Debit
989,2016.06,3540.2,Debit
990,2016.07,3557.1,Debit
991,2016.08,3471.8,Debit
992,2016.09,3511.2,Debit
993,2016.1,3522.1,Debit
994,2016.11,3502.4,Debit
995,2016.12,3487.4,Debit
996,2017.01,3521.8,Debit
997,2017.02,3502.6,Debit
998,2017.03,3474.3,Debit
999,2017.04,3500.8,Debit
1000,2017.05,3500.5,Debit
1001,2017.06,3477.4,Debit
1002,2017.07,3457.0,Debit
1003,2017.08,3467.4,Debit
1004,2017.09,3469.0,Debit
1005,2017.1,3479.4,Debit
1006,2017.11,3493.9,Debit
1007,2017.12,3481.2,Debit
1008,2018.01,3433.0,Debit
1009,2018.02,3415.7,Debit
1010,2018.03,3450.6,Debit
1011,2018.04,3407.3,Debit
1012,2018.05,3431.1,Debit
1013,2018.06,3439.3,Debit
1014,2018.07,3452.8,Debit
1015,2018.08,3452.3,Debit
1016,2018.09,3487.2,Debit
1017,2018.1,3441.1,Debit
1018,2018.11,3407.5,Debit
1019,2018.12,3403.5,Debit
1020,2019.01,3427.9,Debit
1021,2019.02,3427.4,Debit
1022,2019.03,3437.8,Debit
1023,2019.04,3439.1,Debit
1024,2019.05,3427.8,Debit
1025,2019.06,3430.8,Debit
1026,2019.07,3441.1,Debit
1027,2019.08,3484.2,Debit
1028,2019.09,3499.9,Debit
1029,2019.1,3484.7,Debit
1030,2019.11,3471.3,Debit
1031,2019.12,3462.5,Debit
1032,2020.01,3445.2,Debit
1033,2020.02,3502.8,Debit
1034,2020.03,3147.6,Debit
1035,2020.04,1175.4,Debit
1036,2020.05,2389.4,Debit
1037,2020.06,3094.0,Debit
1038,2020.07,3215.3,Debit
1039,2020.08,2895.1,Debit
1040,2020.09,3124.1,Debit
1041,2020.1,3114.0,Debit
1042,2020.11,3122.4,Debit
1043,2020.12,3096.8,Debit
1044,2021.01,3097.1,Debit
1045,2021.02,3013.4,Debit
1046,2021.03,3027.7,Debit
1047,2021.04,3084.1,Debit
1048,2021.05,3107.9,Debit
1049,2021.06,3136.0,Debit
1050,2021.07,3119.0,Debit
1051,2021.08,2262.9,Debit
1052,2021.09,2225.7,Debit
1053,2021.1,2461.1,Debit
1054,2021.11,2709.4,Debit
1055,2021.12,2776.4,Debit
1056,2022.01,2851.3,Debit
1057,2022.02,2690.9,Debit
1058,2022.03,2691.1,Debit
1059,2022.04,2806.5,Debit
1060,2022.05,2848.4,Debit
1061,2022.06,2839.8,Debit
1062,2022.07,2826.6,Debit
1063,2022.08,2916.7,Debit
1064,2022.09,2970.6,Debit
1065,2022.1,2960.3,Debit
1066,2022.11,2941.5,Debit
1067,2022.12,2843.9,Debit
1068,2002.1,1233.7,Credit
1069,2002.11,1244.8,Credit
1070,2002.12,1254.6,Credit
1071,2003.01,1261.9,Credit
1072,2003.02,1264.5,Credit
1073,2003.03,1263.2,Credit
1074,2003.04,1264.1,Credit
1075,2003.05,1270.7,Credit
1076,2003.06,1283.4,Credit
1077,2003.07,1298.7,Credit
1078,2003.08,1314.6,Credit
1079,2003.09,1331.8,Credit
1080,2003.1,1353.0,Credit
1081,2003.11,1377.7,Credit
1082,2003.12,1402.9,Credit
1083,2004.01,1424.7,Credit
1084,2004.02,1442.6,Credit
1085,2004.03,1457.9,Credit
1086,2004.04,1472.1,Credit
1087,2004.05,1485.4,Credit
1088,2004.06,1498.0,Credit
1089,2004.07,1509.8,Credit
1090,2004.08,1522.1,Credit
1091,2004.09,1535.5,Credit
1092,2004.1,1548.1,Credit
1093,2004.11,1560.4,Credit
1094,2004.12,1570.3,Credit
1095,2005.01,1579.9,Credit
1096,2005.02,1590.1,Credit
1097,2005.03,1602.0,Credit
1098,2005.04,1615.8,Credit
1099,2005.05,1630.2,Credit
1100,2005.06,1643.3,Credit
1101,2005.07,1656.1,Credit
1102,2005.08,1668.6,Credit
1103,2005.09,1679.4,Credit
1104,2005.1,1687.3,Credit
1105,2005.11,1694.5,Credit
1106,2005.12,1705.1,Credit
1107,2006.01,1720.8,Credit
1108,2006.02,1742.6,Credit
1109,2006.03,1767.6,Credit
1110,2006.04,1789.0,Credit
1111,2006.05,1806.2,Credit
1112,2006.06,1819.4,Credit
1113,2006.07,1829.8,Credit
1114,2006.08,1839.0,Credit
1115,2006.09,1849.2,Credit
1116,2006.1,1861.2,Credit
1117,2006.11,1872.9,Credit
1118,2006.12,1886.4,Credit
1119,2007.01,1900.3,Credit
1120,2007.02,1911.1,Credit
1121,2007.03,1920.1,Credit
1122,2007.04,1928.7,Credit
1123,2007.05,1937.6,Credit
1124,2007.06,1948.1,Credit
1125,2007.07,1959.7,Credit
1126,2007.08,1972.4,Credit
1127,2007.09,1987.5,Credit
1128,2007.1,2008.0,Credit
1129,2007.11,2029.0,Credit
1130,2007.12,2042.0,Credit
1131,2008.01,2046.5,Credit
1132,2008.02,2047.8,Credit
1133,2008.03,2050.6,Credit
1134,2008.04,2058.7,Credit
1135,2008.05,2068.1,Credit
1136,2008.06,2075.5,Credit
1137,2008.07,2079.4,Credit
1138,2008.08,2077.7,Credit
1139,2008.09,2066.2,Credit
1140,2008.1,2041.4,Credit
1141,2008.11,2011.8,Credit
1142,2008.12,1989.6,Credit
1143,2009.01,1980.7,Credit
1144,2009.02,1982.5,Credit
1145,2009.03,1985.4,Credit
1146,2009.04,1984.7,Credit
1147,2009.05,1984.9,Credit
1148,2009.06,1990.2,Credit
1149,2009.07,1999.2,Credit
1150,2009.08,2004.9,Credit
1151,2009.09,2007.2,Credit
1152,2009.1,2009.6,Credit
1153,2009.11,2014.4,Credit
1154,2009.12,2023.6,Credit
1155,2010.01,2031.5,Credit
1156,2010.02,2033.7,Credit
1157,2010.03,2033.3,Credit
1158,2010.04,2033.5,Credit
1159,2010.05,2035.1,Credit
1160,2010.06,2039.2,Credit
1161,2010.07,2046.3,Credit
1162,2010.08,2056.2,Credit
1163,2010.09,2066.1,Credit
1164,2010.1,2077.1,Credit
1165,2010.11,2088.2,Credit
1166,2010.12,2097.8,Credit
1167,2011.01,2108.8,Credit
1168,2011.02,2121.3,Credit
1169,2011.03,2131.8,Credit
1170,2011.04,2142.3,Credit
1171,2011.05,2151.0,Credit
1172,2011.06,2156.7,Credit
1173,2011.07,2162.4,Credit
1174,2011.08,2172.5,Credit
1175,2011.09,2187.5,Credit
1176,2011.1,2204.5,Credit
1177,2011.11,2218.5,Credit
1178,2011.12,2226.5,Credit
1179,2012.01,2226.4,Credit
1180,2012.02,2226.4,Credit
1181,2012.03,2231.3,Credit
1182,2012.04,2237.1,Credit
1183,2012.05,2242.6,Credit
1184,2012.06,2250.5,Credit
1185,2012.07,2261.0,Credit
1186,2012.08,2274.2,Credit
1187,2012.09,2288.0,Credit
1188,2012.1,2300.6,Credit
1189,2012.11,2312.1,Credit
1190,2012.12,2322.8,Credit
1191,2013.01,2337.5,Credit
1192,2013.02,2353.3,Credit
1193,2013.03,2369.9,Credit
1194,2013.04,2390.7,Credit
1195,2013.05,2416.1,Credit
1196,2013.06,2439.9,Credit
1197,2013.07,2458.7,Credit
1198,2013.08,2470.9,Credit
1199,2013.09,2482.2,Credit
1200,2013.1,2493.9,Credit
1201,2013.11,2510.2,Credit
1202,2013.12,2527.6,Credit
1203,2014.01,2539.2,Credit
1204,2014.02,2544.4,Credit
1205,2014.03,2549.6,Credit
1206,2014.04,2557.4,Credit
1207,2014.05,2569.7,Credit
1208,2014.06,2582.6,Credit
1209,2014.07,2594.9,Credit
1210,2014.08,2608.7,Credit
1211,2014.09,2627.1,Credit
1212,2014.1,2646.9,Credit
1213,2014.11,2660.4,Credit
1214,2014.12,2669.6,Credit
1215,2015.01,2680.2,Credit
1216,2015.02,2696.6,Credit
1217,2015.03,2720.3,Credit
1218,2015.04,2748.2,Credit
1219,2015.05,2778.7,Credit
1220,2015.06,2811.2,Credit
1221,2015.07,2843.2,Credit
1222,2015.08,2868.6,Credit
1223,2015.09,2888.1,Credit
1224,2015.1,2909.0,Credit
1225,2015.11,2931.8,Credit
1226,2015.12,2949.6,Credit
1227,2016.01,2961.3,Credit
1228,2016.02,2972.0,Credit
1229,2016.03,2989.3,Credit
1230,2016.04,3019.0,Credit
1231,2016.05,3053.4,Credit
1232,2016.06,3081.4,Credit
1233,2016.07,3103.7,Credit
1234,2016.08,3131.3,Credit
1235,2016.09,3173.9,Credit
1236,2016.1,3231.1,Credit
1237,2016.11,3304.8,Credit
1238,2016.12,3390.0,Credit
1239,2017.01,3478.4,Credit
1240,2017.02,3562.1,Credit
1241,2017.03,3626.8,Credit
1242,2017.04,3666.9,Credit
1243,2017.05,3689.6,Credit
1244,2017.06,3710.5,Credit
1245,2017.07,3737.8,Credit
1246,2017.08,3770.0,Credit
1247,2017.09,3805.2,Credit
1248,2017.1,3844.0,Credit
1249,2017.11,3889.1,Credit
1250,2017.12,3943.3,Credit
1251,2018.01,3994.4,Credit
1252,2018.02,4031.1,Credit
1253,2018.03,4049.4,Credit
1254,2018.04,4058.7,Credit
1255,2018.05,4069.4,Credit
1256,2018.06,4092.4,Credit
1257,2018.07,4130.7,Credit
1258,2018.08,4174.7,Credit
1259,2018.09,4206.3,Credit
1260,2018.1,4226.6,Credit
1261,2018.11,4242.4,Credit
1262,2018.12,4264.9,Credit
1263,2019.01,4297.7,Credit
1264,2019.02,4325.7,Credit
1265,2019.03,4335.1,Credit
1266,2019.04,4322.3,Credit
1267,2019.05,4305.3,Credit
1268,2019.06,4302.0,Credit
1269,2019.07,4309.6,Credit
1270,2019.08,4330.9,Credit
1271,2019.09,4361.8,Credit
1272,2019.1,4400.1,Credit
1273,2019.11,4444.6,Credit
1274,2019.12,4486.7,Credit
1275,2020.01,4529.7,Credit
1276,2020.02,4576.9,Credit
1277,2002.1,1591.7,Debit
1278,2002.11,1595.4,Debit
1279,2002.12,1599.6,Debit
1280,2003.01,1604.0,Debit
1281,2003.02,1609.7,Debit
1282,2003.03,1619.0,Debit
1283,2003.04,1632.3,Debit
1284,2003.05,1649.0,Debit
1285,2003.06,1666.7,Debit
1286,2003.07,1683.5,Debit
1287,2003.08,1697.4,Debit
1288,2003.09,1710.2,Debit
1289,2003.1,1723.6,Debit
1290,2003.11,1735.9,Debit
1291,2003.12,1746.7,Debit
1292,2004.01,1756.9,Debit
1293,2004.02,1767.9,Debit
1294,2004.03,1780.7,Debit
1295,2004.04,1794.4,Debit
1296,2004.05,1807.5,Debit
1297,2004.06,1818.9,Debit
1298,2004.07,1828.7,Debit
1299,2004.08,1838.3,Debit
1300,2004.09,1846.9,Debit
1301,2004.1,1855.4,Debit
1302,2004.11,1866.8,Debit
1303,2004.12,1881.4,Debit
1304,2005.01,1898.1,Debit
1305,2005.02,1913.1,Debit
1306,2005.03,1924.5,Debit
1307,2005.04,1934.8,Debit
1308,2005.05,1945.7,Debit
1309,2005.06,1959.5,Debit
1310,2005.07,1975.5,Debit
1311,2005.08,1992.7,Debit
1312,2005.09,2009.1,Debit
1313,2005.1,2023.8,Debit
1314,2005.11,2036.0,Debit
1315,2005.12,2045.1,Debit
1316,2006.01,2053.5,Debit
1317,2006.02,2064.6,Debit
1318,2006.03,2081.0,Debit
1319,2006.04,2101.4,Debit
1320,2006.05,2122.7,Debit
1321,2006.06,2139.8,Debit
1322,2006.07,2152.4,Debit
1323,2006.08,2163.6,Debit
1324,2006.09,2177.3,Debit
1325,2006.1,2194.6,Debit
1326,2006.11,2215.1,Debit
1327,2006.12,2236.6,Debit
1328,2007.01,2258.2,Debit
1329,2007.02,2278.5,Debit
1330,2007.03,2298.0,Debit
1331,2007.04,2315.2,Debit
1332,2007.05,2330.1,Debit
1333,2007.06,2344.1,Debit
1334,2007.07,2357.5,Debit
1335,2007.08,2369.5,Debit
1336,2007.09,2382.5,Debit
1337,2007.1,2397.2,Debit
1338,2007.11,2412.7,Debit
1339,2007.12,2425.3,Debit
1340,2008.01,2432.8,Debit
1341,2008.02,2437.0,Debit
1342,2008.03,2440.8,Debit
1343,2008.04,2447.4,Debit
1344,2008.05,2456.5,Debit
1345,2008.06,2468.0,Debit
1346,2008.07,2482.2,Debit
1347,2008.08,2498.7,Debit
1348,2008.09,2514.5,Debit
1349,2008.1,2525.3,Debit
1350,2008.11,2530.5,Debit
1351,2008.12,2534.4,Debit
1352,2009.01,2540.9,Debit
1353,2009.02,2553.8,Debit
1354,2009.03,2571.0,Debit
1355,2009.04,2587.1,Debit
1356,2009.05,2600.0,Debit
1357,2009.06,2613.4,Debit
1358,2009.07,2628.0,Debit
1359,2009.08,2640.1,Debit
1360,2009.09,2649.0,Debit
1361,2009.1,2656.1,Debit
1362,2009.11,2664.1,Debit
1363,2009.12,2677.8,Debit
1364,2010.01,2692.9,Debit
1365,2010.02,2701.7,Debit
1366,2010.03,2703.6,Debit
1367,2010.04,2706.7,Debit
1368,2010.05,2716.6,Debit
1369,2010.06,2732.9,Debit
1370,2010.07,2754.7,Debit
1371,2010.08,2780.8,Debit
1372,2010.09,2808.0,Debit
1373,2010.1,2834.0,Debit
1374,2010.11,2853.5,Debit
1375,2010.12,2867.8,Debit
1376,2011.01,2884.2,Debit
1377,2011.02,2906.1,Debit
1378,2011.03,2929.4,Debit
1379,2011.04,2949.2,Debit
1380,2011.05,2963.1,Debit
1381,2011.06,2971.7,Debit
1382,2011.07,2979.4,Debit
1383,2011.08,2990.0,Debit
1384,2011.09,2998.4,Debit
1385,2011.1,3005.6,Debit
1386,2011.11,3015.8,Debit
1387,2011.12,3028.5,Debit
1388,2012.01,3042.1,Debit
1389,2012.02,3058.7,Debit
1390,2012.03,3077.0,Debit
1391,2012.04,3092.5,Debit
1392,2012.05,3104.7,Debit
1393,2012.06,3116.6,Debit
1394,2012.07,3126.1,Debit
1395,2012.08,3134.6,Debit
1396,2012.09,3142.5,Debit
1397,2012.1,3151.9,Debit
1398,2012.11,3165.6,Debit
1399,2012.12,3182.9,Debit
1400,2013.01,3200.9,Debit
1401,2013.02,3212.1,Debit
1402,2013.03,3216.8,Debit
1403,2013.04,3221.6,Debit
1404,2013.05,3231.9,Debit
1405,2013.06,3247.1,Debit
1406,2013.07,3261.9,Debit
1407,2013.08,3273.0,Debit
1408,2013.09,3284.4,Debit
1409,2013.1,3295.6,Debit
1410,2013.11,3308.1,Debit
1411,2013.12,3319.6,Debit
1412,2014.01,3327.7,Debit
1413,2014.02,3334.4,Debit
1414,2014.03,3343.3,Debit
1415,2014.04,3353.7,Debit
1416,2014.05,3364.7,Debit
1417,2014.06,3372.3,Debit
1418,2014.07,3377.6,Debit
1419,2014.08,3381.3,Debit
1420,2014.09,3386.5,Debit
1421,2014.1,3394.3,Debit
1422,2014.11,3401.3,Debit
1423,2014.12,3410.7,Debit
1424,2015.01,3419.9,Debit
1425,2015.02,3428.2,Debit
1426,2015.03,3436.2,Debit
1427,2015.04,3442.6,Debit
1428,2015.05,3447.8,Debit
1429,2015.06,3455.4,Debit
1430,2015.07,3464.9,Debit
1431,2015.08,3471.0,Debit
1432,2015.09,3473.8,Debit
1433,2015.1,3478.0,Debit
1434,2015.11,3483.8,Debit
1435,2015.12,3489.9,Debit
1436,2016.01,3498.5,Debit
1437,2016.02,3506.9,Debit
1438,2016.03,3513.2,Debit
1439,2016.04,3521.8,Debit
1440,2016.05,3531.1,Debit
1441,2016.06,3534.7,Debit
1442,2016.07,3533.1,Debit
1443,2016.08,3528.1,Debit
1444,2016.09,3519.4,Debit
1445,2016.1,3509.4,Debit
1446,2016.11,3506.1,Debit
1447,2016.12,3504.5,Debit
1448,2017.01,3501.1,Debit
1449,2017.02,3498.4,Debit
1450,2017.03,3497.0,Debit
1451,2017.04,3493.2,Debit
1452,2017.05,3486.9,Debit
1453,2017.06,3478.7,Debit
1454,2017.07,3468.9,Debit
1455,2017.08,3465.1,Debit
1456,2017.09,3472.8,Debit
1457,2017.1,3482.6,Debit
1458,2017.11,3480.8,Debit
1459,2017.12,3467.8,Debit
1460,2018.01,3448.9,Debit
1461,2018.02,3431.9,Debit
1462,2018.03,3423.3,Debit
1463,2018.04,3424.4,Debit
1464,2018.05,3431.0,Debit
1465,2018.06,3439.2,Debit
1466,2018.07,3448.5,Debit
1467,2018.08,3453.0,Debit
1468,2018.09,3445.2,Debit
1469,2018.1,3431.6,Debit
1470,2018.11,3418.9,Debit
1471,2018.12,3414.1,Debit
1472,2019.01,3419.0,Debit
1473,2019.02,3428.4,Debit
1474,2019.03,3434.5,Debit
1475,2019.04,3433.1,Debit
1476,2019.05,3430.9,Debit
1477,2019.06,3437.3,Debit
1478,2019.07,3453.7,Debit
1479,2019.08,3474.1,Debit
1480,2019.09,3487.5,Debit
1481,2019.1,3487.5,Debit
1482,2019.11,3477.0,Debit
1483,2019.12,3463.0,Debit
1484,2020.01,3449.0,Debit
1485,2020.02,3430.2,Debit
1486,2002.1,74.8,Services
1487,2002.11,76.2,Services
1488,2002.12,83.6,Services
1489,2003.01,70.2,Services
1490,2003.02,68.8,Services
1491,2003.03,75.2,Services
1492,2003.04,72.1,Services
1493,2003.05,80.8,Services
1494,2003.06,71.8,Services
1495,2003.07,82.1,Services
1496,2003.08,79.7,Services
1497,2003.09,79.8,Services
1498,2003.1,84.0,Services
1499,2003.11,83.3,Services
1500,2003.12,97.7,Services
1501,2004.01,78.8,Services
1502,2004.02,79.0,Services
1503,2004.03,92.3,Services
1504,2004.04,88.6,Services
1505,2004.05,88.4,Services
1506,2004.06,88.9,Services
1507,2004.07,95.3,Services
1508,2004.08,89.8,Services
1509,2004.09,94.2,Services
1510,2004.1,92.5,Services
1511,2004.11,99.6,Services
1512,2004.12,113.6,Services
1513,2005.01,84.9,Services
1514,2005.02,92.8,Services
1515,2005.03,100.9,Services
1516,2005.04,101.3,Services
1517,2005.05,101.3,Services
1518,2005.06,100.4,Services
1519,2005.07,103.5,Services
1520,2005.08,105.6,Services
1521,2005.09,106.6,Services
1522,2005.1,102.3,Services
1523,2005.11,112.0,Services
1524,2005.12,122.7,Services
1525,2006.01,95.7,Services
1526,2006.02,100.5,Services
1527,2006.03,117.5,Services
1528,2006.04,100.0,Services
1529,2006.05,115.8,Services
1530,2006.06,112.0,Services
1531,2006.07,113.1,Services
1532,2006.08,119.4,Services
1533,2006.09,116.3,Services
1534,2006.1,116.3,Services
1535,2006.11,126.6,Services
1536,2006.12,135.4,Services
1537,2007.01,111.4,Services
1538,2007.02,113.6,Services
1539,2007.03,132.5,Services
1540,2007.04,113.0,Services
1541,2007.05,133.5,Services
1542,2007.06,122.9,Services
1543,2007.07,127.7,Services
1544,2007.08,135.5,Services
1545,2007.09,124.9,Services
1546,2007.1,133.1,Services
1547,2007.11,140.6,Services
1548,2007.12,146.5,Services
1549,2008.01,124.9,Services
1550,2008.02,131.5,Services
1551,2008.03,129.3,Services
1552,2008.04,135.3,Services
1553,2008.05,142.5,Services
1554,2008.06,127.3,Services
1555,2008.07,142.7,Services
1556,2008.08,137.4,Services
1557,2008.09,139.0,Services
1558,2008.1,144.7,Services
1559,2008.11,139.1,Services
1560,2008.12,160.5,Services
1561,2009.01,129.3,Services
1562,2009.02,129.4,Services
1563,2009.03,144.3,Services
1564,2009.04,139.1,Services
1565,2009.05,143.3,Services
1566,2009.06,138.5,Services
1567,2009.07,152.1,Services
1568,2009.08,141.4,Services
1569,2009.09,146.6,Services
1570,2009.1,151.0,Services
1571,2009.11,148.5,Services
1572,2009.12,172.5,Services
1573,2010.01,132.2,Services
1574,2010.02,137.4,Services
1575,2010.03,159.4,Services
1576,2010.04,144.2,Services
1577,2010.05,145.1,Services
1578,2010.06,147.1,Services
1579,2010.07,156.8,Services
1580,2010.08,149.9,Services
1581,2010.09,155.3,Services
1582,2010.1,152.8,Services
1583,2010.11,163.5,Services
1584,2010.12,183.9,Services
1585,2011.01,136.1,Services
1586,2011.02,145.6,Services
1587,2011.03,166.6,Services
1588,2011.04,150.6,Services
1589,2011.05,159.1,Services
1590,2011.06,157.4,Services
1591,2011.07,161.0,Services
1592,2011.08,164.4,Services
1593,2011.09,165.4,Services
1594,2011.1,161.2,Services
1595,2011.11,175.5,Services
1596,2011.12,191.4,Services
1597,2012.01,148.6,Services
1598,2012.02,162.0,Services
1599,2012.03,178.3,Services
1600,2012.04,153.1,Services
1601,2012.05,178.4,Services
1602,2012.06,166.7,Services
1603,2012.07,171.6,Services
1604,2012.08,180.2,Services
1605,2012.09,168.1,Services
1606,2012.1,179.4,Services
1607,2012.11,190.4,Services
1608,2012.12,195.0,Services
1609,2013.01,166.7,Services
1610,2013.02,166.0,Services
1611,2013.03,180.8,Services
1612,2013.04,174.3,Services
1613,2013.05,194.2,Services
1614,2013.06,171.2,Services
1615,2013.07,190.9,Services
1616,2013.08,193.0,Services
1617,2013.09,183.3,Services
1618,2013.1,211.5,Services
1619,2013.11,215.4,Services
1620,2013.12,227.8,Services
1621,2014.01,193.8,Services
1622,2014.02,191.3,Services
1623,2014.03,211.5,Services
1624,2014.04,196.4,Services
1625,2014.05,223.9,Services
1626,2014.06,199.6,Services
1627,2014.07,219.8,Services
1628,2014.08,208.4,Services
1629,2014.09,209.4,Services
1630,2014.1,221.8,Services
1631,2014.11,221.8,Services
1632,2014.12,250.5,Services
1633,2015.01,204.9,Services
1634,2015.02,204.1,Services
1635,2015.03,231.3,Services
1636,2015.04,209.2,Services
1637,2015.05,227.2,Services
1638,2015.06,222.0,Services
1639,2015.07,252.6,Services
1640,2015.08,226.4,Services
1641,2015.09,233.7,Services
1642,2015.1,239.0,Services
1643,2015.11,234.6,Services
1644,2015.12,268.4,Services
1645,2016.01,214.2,Services
1646,2016.02,223.6,Services
1647,2016.03,245.8,Services
1648,2016.04,240.7,Services
1649,2016.05,243.6,Services
1650,2016.06,240.0,Services
1651,2016.07,253.7,Services
1652,2016.08,250.0,Services
1653,2016.09,250.7,Services
1654,2016.1,245.0,Services
1655,2016.11,260.1,Services
1656,2016.12,285.9,Services
1657,2017.01,229.2,Services
1658,2017.02,241.1,Services
1659,2017.03,283.7,Services
1660,2017.04,237.5,Services
1661,2017.05,277.6,Services
1662,2017.06,267.9,Services
1663,2017.07,274.7,Services
1664,2017.08,286.3,Services
1665,2017.09,274.1,Services
1666,2017.1,275.4,Services
1667,2017.11,296.8,Services
1668,2017.12,307.5,Services
1669,2018.01,254.9,Services
1670,2018.02,257.8,Services
1671,2018.03,294.2,Services
1672,2018.04,265.1,Services
1673,2018.05,299.0,Services
1674,2018.06,280.6,Services
1675,2018.07,297.1,Services
1676,2018.08,304.1,Services
1677,2018.09,282.7,Services
1678,2018.1,303.2,Services
1679,2018.11,318.0,Services
1680,2018.12,319.5,Services
1681,2019.01,275.9,Services
1682,2019.02,274.2,Services
1683,2019.03,306.2,Services
1684,2019.04,277.1,Services
1685,2019.05,319.8,Services
1686,2019.06,282.3,Services
1687,2019.07,319.7,Services
1688,2019.08,316.5,Services
1689,2019.09,297.3,Services
1690,2019.1,323.0,Services
1691,2019.11,333.3,Services
1692,2019.12,339.9,Services
1693,2020.01,290.2,Services
1694,2020.02,290.2,Services
1695,2020.03,240.7,Services
1696,2020.04,35.6,Services
1697,2020.05,260.9,Services
1698,2020.06,312.5,Services
1699,2020.07,344.7,Services
1700,2020.08,264.5,Services
1701,2020.09,326.4,Services
1702,2020.1,330.2,Services
1703,2020.11,325.4,Services
1704,2020.12,368.4,Services
1705,2021.01,285.8,Services
1706,2021.02,281.7,Services
1707,2021.03,329.0,Services
1708,2021.04,302.9,Services
1709,2021.05,331.3,Services
1710,2021.06,336.3,Services
1711,2021.07,363.7,Services
1712,2021.08,197.3,Services
1713,2021.09,226.2,Services
1714,2021.1,248.1,Services
1715,2021.11,294.7,Services
1716,2021.12,377.5,Services
1717,2022.01,283.4,Services
1718,2022.02,284.7,Services
1719,2022.03,308.3,Services
1720,2022.04,297.5,Services
1721,2022.05,334.8,Services
1722,2022.06,326.5,Services
1723,2022.07,346.5,Services
1724,2022.08,351.0,Services
1725,2022.09,349.1,Services
1726,2022.1,348.5,Services
1727,2022.11,372.7,Services
1728,2022.12,392.2,Services
1729,2002.1,73.8,Services
1730,2002.11,72.6,Services
1731,2002.12,75.0,Services
1732,2003.01,75.0,Services
1733,2003.02,75.0,Services
1734,2003.03,75.0,Services
1735,2003.04,75.0,Services
1736,2003.05,77.4,Services
1737,2003.06,77.0,Services
1738,2003.07,79.1,Services
1739,2003.08,80.6,Services
1740,2003.09,80.5,Services
1741,2003.1,81.4,Services
1742,2003.11,83.6,Services
1743,2003.12,84.8,Services
1744,2004.01,85.3,Services
1745,2004.02,85.7,Services
1746,2004.03,87.8,Services
1747,2004.04,90.6,Services
1748,2004.05,89.5,Services
1749,2004.06,91.6,Services
1750,2004.07,91.6,Services
1751,2004.08,91.5,Services
1752,2004.09,94.2,Services
1753,2004.1,94.2,Services
1754,2004.11,95.5,Services
1755,2004.12,96.5,Services
1756,2005.01,97.1,Services
1757,2005.02,101.0,Services
1758,2005.03,95.4,Services
1759,2005.04,105.3,Services
1760,2005.05,101.6,Services
1761,2005.06,103.2,Services
1762,2005.07,103.2,Services
1763,2005.08,103.9,Services
1764,2005.09,104.9,Services
1765,2005.1,106.1,Services
1766,2005.11,106.8,Services
1767,2005.12,105.7,Services
1768,2006.01,108.2,Services
1769,2006.02,109.3,Services
1770,2006.03,109.3,Services
1771,2006.04,109.6,Services
1772,2006.05,112.3,Services
1773,2006.06,113.6,Services
1774,2006.07,115.1,Services
1775,2006.08,116.6,Services
1776,2006.09,116.1,Services
1777,2006.1,118.8,Services
1778,2006.11,120.3,Services
1779,2006.12,121.1,Services
1780,2007.01,121.6,Services
1781,2007.02,123.4,Services
1782,2007.03,124.9,Services
1783,2007.04,122.9,Services
1784,2007.05,128.7,Services
1785,2007.06,126.7,Services
1786,2007.07,128.7,Services
1787,2007.08,130.2,Services
1788,2007.09,131.1,Services
1789,2007.1,131.2,Services
1790,2007.11,131.6,Services
1791,2007.12,133.6,Services
1792,2008.01,135.6,Services
1793,2008.02,134.9,Services
1794,2008.03,128.9,Services
1795,2008.04,141.8,Services
1796,2008.05,137.0,Services
1797,2008.06,137.0,Services
1798,2008.07,138.2,Services
1799,2008.08,138.7,Services
1800,2008.09,139.5,Services
1801,2008.1,139.2,Services
1802,2008.11,139.0,Services
1803,2008.12,139.5,Services
1804,2009.01,139.8,Services
1805,2009.02,140.4,Services
1806,2009.03,142.3,Services
1807,2009.04,145.7,Services
1808,2009.05,143.0,Services
1809,2009.06,143.9,Services
1810,2009.07,145.1,Services
1811,2009.08,145.8,Services
1812,2009.09,146.4,Services
1813,2009.1,146.9,Services
1814,2009.11,146.8,Services
1815,2009.12,148.9,Services
1816,2010.01,148.2,Services
1817,2010.02,149.0,Services
1818,2010.03,151.9,Services
1819,2010.04,149.2,Services
1820,2010.05,147.6,Services
1821,2010.06,152.0,Services
1822,2010.07,151.7,Services
1823,2010.08,153.1,Services
1824,2010.09,154.6,Services
1825,2010.1,153.9,Services
1826,2010.11,155.6,Services
1827,2010.12,156.2,Services
1828,2011.01,155.4,Services
1829,2011.02,157.7,Services
1830,2011.03,157.8,Services
1831,2011.04,159.0,Services
1832,2011.05,159.6,Services
1833,2011.06,161.8,Services
1834,2011.07,161.7,Services
1835,2011.08,162.5,Services
1836,2011.09,162.6,Services
1837,2011.1,165.7,Services
1838,2011.11,165.7,Services
1839,2011.12,164.7,Services
1840,2012.01,167.5,Services
1841,2012.02,168.5,Services
1842,2012.03,168.1,Services
1843,2012.04,169.6,Services
1844,2012.05,171.5,Services
1845,2012.06,171.2,Services
1846,2012.07,173.3,Services
1847,2012.08,174.4,Services
1848,2012.09,177.2,Services
1849,2012.1,176.0,Services
1850,2012.11,176.1,Services
1851,2012.12,177.8,Services
1852,2013.01,179.9,Services
1853,2013.02,180.1,Services
1854,2013.03,176.6,Services
1855,2013.04,187.3,Services
1856,2013.05,183.5,Services
1857,2013.06,184.9,Services
1858,2013.07,185.1,Services
1859,2013.08,189.3,Services
1860,2013.09,191.8,Services
1861,2013.1,206.3,Services
1862,2013.11,202.4,Services
1863,2013.12,205.8,Services
1864,2014.01,205.5,Services
1865,2014.02,208.0,Services
1866,2014.03,210.6,Services
1867,2014.04,210.7,Services
1868,2014.05,214.2,Services
1869,2014.06,213.5,Services
1870,2014.07,210.2,Services
1871,2014.08,211.5,Services
1872,2014.09,211.8,Services
1873,2014.1,212.8,Services
1874,2014.11,220.1,Services
1875,2014.12,219.5,Services
1876,2015.01,219.8,Services
1877,2015.02,222.3,Services
1878,2015.03,227.7,Services
1879,2015.04,223.8,Services
1880,2015.05,225.5,Services
1881,2015.06,229.3,Services
1882,2015.07,236.1,Services
1883,2015.08,233.8,Services
1884,2015.09,235.2,Services
1885,2015.1,231.9,Services
1886,2015.11,231.2,Services
1887,2015.12,234.7,Services
1888,2016.01,238.9,Services
1889,2016.02,235.4,Services
1890,2016.03,232.6,Services
1891,2016.04,257.7,Services
1892,2016.05,243.8,Services
1893,2016.06,245.8,Services
1894,2016.07,247.7,Services
1895,2016.08,245.5,Services
1896,2016.09,247.2,Services
1897,2016.1,250.9,Services
1898,2016.11,246.8,Services
1899,2016.12,250.3,Services
1900,2017.01,258.2,Services
1901,2017.02,263.5,Services
1902,2017.03,265.2,Services
1903,2017.04,267.8,Services
1904,2017.05,268.3,Services
1905,2017.06,270.0,Services
1906,2017.07,272.6,Services
1907,2017.08,278.7,Services
1908,2017.09,273.5,Services
1909,2017.1,278.0,Services
1910,2017.11,280.6,Services
1911,2017.12,280.0,Services
1912,2018.01,278.2,Services
1913,2018.02,282.4,Services
1914,2018.03,279.8,Services
1915,2018.04,296.3,Services
1916,2018.05,287.0,Services
1917,2018.06,286.6,Services
1918,2018.07,291.0,Services
1919,2018.08,290.8,Services
1920,2018.09,296.5,Services
1921,2018.1,294.8,Services
1922,2018.11,295.7,Services
1923,2018.12,297.0,Services
1924,2019.01,300.1,Services
1925,2019.02,301.1,Services
1926,2019.03,303.7,Services
1927,2019.04,299.2,Services
1928,2019.05,301.7,Services
1929,2019.06,303.0,Services
1930,2019.07,302.2,Services
1931,2019.08,306.3,Services
1932,2019.09,308.5,Services
1933,2019.1,311.8,Services
1934,2019.11,314.0,Services
1935,2019.12,312.1,Services
1936,2020.01,311.6,Services
1937,2020.02,310.9,Services
1938,2020.03,241.5,Services
1939,2020.04,38.1,Services
1940,2020.05,258.3,Services
1941,2020.06,320.1,Services
1942,2020.07,318.4,Services
1943,2020.08,271.0,Services
1944,2020.09,325.6,Services
1945,2020.1,317.6,Services
1946,2020.11,319.3,Services
1947,2020.12,324.4,Services
1948,2021.01,322.9,Services
1949,2021.02,310.8,Services
1950,2021.03,319.7,Services
1951,2021.04,319.7,Services
1952,2021.05,334.3,Services
1953,2021.06,341.9,Services
1954,2021.07,339.8,Services
1955,2021.08,199.8,Services
1956,2021.09,225.0,Services
1957,2021.1,247.6,Services
1958,2021.11,279.1,Services
1959,2021.12,327.2,Services
1960,2022.01,326.8,Services
1961,2022.02,314.4,Services
1962,2022.03,298.1,Services
1963,2022.04,318.8,Services
1964,2022.05,333.6,Services
1965,2022.06,330.2,Services
1966,2022.07,335.5,Services
1967,2022.08,343.4,Services
1968,2022.09,342.5,Services
1969,2022.1,354.7,Services
1970,2022.11,351.4,Services
1971,2022.12,344.3,Services
1972,2002.1,73.7,Services
1973,2002.11,74.0,Services
1974,2002.12,74.3,Services
1975,2003.01,74.7,Services
1976,2003.02,75.0,Services
1977,2003.03,75.3,Services
1978,2003.04,75.9,Services
1979,2003.05,76.7,Services
1980,2003.06,77.6,Services
1981,2003.07,78.7,Services
1982,2003.08,79.9,Services
1983,2003.09,81.0,Services
1984,2003.1,82.0,Services
1985,2003.11,83.1,Services
1986,2003.12,84.2,Services
1987,2004.01,85.4,Services
1988,2004.02,86.7,Services
1989,2004.03,87.9,Services
1990,2004.04,89.1,Services
1991,2004.05,90.1,Services
1992,2004.06,91.0,Services
1993,2004.07,91.8,Services
1994,2004.08,92.6,Services
1995,2004.09,93.4,Services
1996,2004.1,94.4,Services
1997,2004.11,95.4,Services
1998,2004.12,96.4,Services
1999,2005.01,97.6,Services
2000,2005.02,98.7,Services
2001,2005.03,99.8,Services
2002,2005.04,100.9,Services
2003,2005.05,101.8,Services
2004,2005.06,102.7,Services
2005,2005.07,103.5,Services
2006,2005.08,104.2,Services
2007,2005.09,104.9,Services
2008,2005.1,105.6,Services
2009,2005.11,106.3,Services
2010,2005.12,107.0,Services
2011,2006.01,107.7,Services
2012,2006.02,108.5,Services
2013,2006.03,109.5,Services
2014,2006.04,110.7,Services
2015,2006.05,112.0,Services
2016,2006.06,113.3,Services
2017,2006.07,114.7,Services
2018,2006.08,116.1,Services
2019,2006.09,117.4,Services
2020,2006.1,118.6,Services
2021,2006.11,119.8,Services
2022,2006.12,121.0,Services
2023,2007.01,122.3,Services
2024,2007.02,123.4,Services
2025,2007.03,124.5,Services
2026,2007.04,125.5,Services
2027,2007.05,126.6,Services
2028,2007.06,127.7,Services
2029,2007.07,128.7,Services
2030,2007.08,129.6,Services
2031,2007.09,130.6,Services
2032,2007.1,131.6,Services
2033,2007.11,132.6,Services
2034,2007.12,133.5,Services
2035,2008.01,134.4,Services
2036,2008.02,135.2,Services
2037,2008.03,135.9,Services
2038,2008.04,136.4,Services
2039,2008.05,136.9,Services
2040,2008.06,137.5,Services
2041,2008.07,138.1,Services
2042,2008.08,138.6,Services
2043,2008.09,138.9,Services
2044,2008.1,139.1,Services
2045,2008.11,139.3,Services
2046,2008.12,139.7,Services
2047,2009.01,140.2,Services
2048,2009.02,141.0,Services
2049,2009.03,142.0,Services
2050,2009.04,142.9,Services
2051,2009.05,143.7,Services
2052,2009.06,144.4,Services
2053,2009.07,145.0,Services
2054,2009.08,145.6,Services
2055,2009.09,146.3,Services
2056,2009.1,146.9,Services
2057,2009.11,147.5,Services
2058,2009.12,148.0,Services
2059,2010.01,148.4,Services
2060,2010.02,148.8,Services
2061,2010.03,149.2,Services
2062,2010.04,149.8,Services
2063,2010.05,150.4,Services
2064,2010.06,151.3,Services
2065,2010.07,152.2,Services
2066,2010.08,153.1,Services
2067,2010.09,153.9,Services
2068,2010.1,154.6,Services
2069,2010.11,155.2,Services
2070,2010.12,155.8,Services
2071,2011.01,156.4,Services
2072,2011.02,157.2,Services
2073,2011.03,158.1,Services
2074,2011.04,159.0,Services
2075,2011.05,159.9,Services
2076,2011.06,160.9,Services
2077,2011.07,161.8,Services
2078,2011.08,162.7,Services
2079,2011.09,163.6,Services
2080,2011.1,164.4,Services
2081,2011.11,165.3,Services
2082,2011.12,166.1,Services
2083,2012.01,167.0,Services
2084,2012.02,167.9,Services
2085,2012.03,168.7,Services
2086,2012.04,169.7,Services
2087,2012.05,170.9,Services
2088,2012.06,172.1,Services
2089,2012.07,173.3,Services
2090,2012.08,174.5,Services
2091,2012.09,175.5,Services
2092,2012.1,176.4,Services
2093,2012.11,177.2,Services
2094,2012.12,178.0,Services
2095,2013.01,178.9,Services
2096,2013.02,179.9,Services
2097,2013.03,180.9,Services
2098,2013.04,181.9,Services
2099,2013.05,183.0,Services
2100,2013.06,184.4,Services
2101,2013.07,186.6,Services
2102,2013.08,189.7,Services
2103,2013.09,193.3,Services
2104,2013.1,197.3,Services
2105,2013.11,201.0,Services
2106,2013.12,204.2,Services
2107,2014.01,206.8,Services
2108,2014.02,208.8,Services
2109,2014.03,210.4,Services
2110,2014.04,211.4,Services
2111,2014.05,212.0,Services
2112,2014.06,212.0,Services
2113,2014.07,211.9,Services
2114,2014.08,212.2,Services
2115,2014.09,213.1,Services
2116,2014.1,214.7,Services
2117,2014.11,216.8,Services
2118,2014.12,219.1,Services
2119,2015.01,220.9,Services
2120,2015.02,222.4,Services
2121,2015.03,223.8,Services
2122,2015.04,225.7,Services
2123,2015.05,227.9,Services
2124,2015.06,230.3,Services
2125,2015.07,232.1,Services
2126,2015.08,233.2,Services
2127,2015.09,233.7,Services
2128,2015.1,233.8,Services
2129,2015.11,233.9,Services
2130,2015.12,234.5,Services
2131,2016.01,235.9,Services
2132,2016.02,237.8,Services
2133,2016.03,240.0,Services
2134,2016.04,242.0,Services
2135,2016.05,243.8,Services
2136,2016.06,245.3,Services
2137,2016.07,246.3,Services
2138,2016.08,246.8,Services
2139,2016.09,247.2,Services
2140,2016.1,248.3,Services
2141,2016.11,250.3,Services
2142,2016.12,253.3,Services
2143,2017.01,257.1,Services
2144,2017.02,260.9,Services
2145,2017.03,264.4,Services
2146,2017.04,267.3,Services
2147,2017.05,269.5,Services
2148,2017.06,271.3,Services
2149,2017.07,273.1,Services
2150,2017.08,274.9,Services
2151,2017.09,276.6,Services
2152,2017.1,277.9,Services
2153,2017.11,278.8,Services
2154,2017.12,279.4,Services
2155,2018.01,280.1,Services
2156,2018.02,281.1,Services
2157,2018.03,282.3,Services
2158,2018.04,283.9,Services
2159,2018.05,285.9,Services
2160,2018.06,288.2,Services
2161,2018.07,290.3,Services
2162,2018.08,292.1,Services
2163,2018.09,293.7,Services
2164,2018.1,295.3,Services
2165,2018.11,296.8,Services
2166,2018.12,298.2,Services
2167,2019.01,299.4,Services
2168,2019.02,300.4,Services
2169,2019.03,301.1,Services
2170,2019.04,301.5,Services
2171,2019.05,301.8,Services
2172,2019.06,302.6,Services
2173,2019.07,304.1,Services
2174,2019.08,306.4,Services
2175,2019.09,308.7,Services
2176,2019.1,310.5,Services
2177,2019.11,311.6,Services
2178,2019.12,312.2,Services
2179,2020.01,312.6,Services
2180,2020.02,313.2,Services
2181,2002.1,12942780.0,Credit
2182,2002.11,13742375.0,Credit
2183,2002.12,17109398.0,Credit
2184,2003.01,13831406.0,Credit
2185,2003.02,12944036.0,Credit
2186,2003.03,13860031.0,Credit
2187,2003.04,13219232.0,Credit
2188,2003.05,13209831.0,Credit
2189,2003.06,12357122.0,Credit
2190,2003.07,13487976.0,Credit
2191,2003.08,13491312.0,Credit
2192,2003.09,13408369.0,Credit
2193,2003.1,14439943.0,Credit
2194,2003.11,15430654.0,Credit
2195,2003.12,19330605.0,Credit
2196,2004.01,15823903.0,Credit
2197,2004.02,14995620.0,Credit
2198,2004.03,15970073.0,Credit
2199,2004.04,15347784.0,Credit
2200,2004.05,15098308.0,Credit
2201,2004.06,14406601.0,Credit
2202,2004.07,15638253.0,Credit
2203,2004.08,15249711.0,Credit
2204,2004.09,15386406.0,Credit
2205,2004.1,16224037.0,Credit
2206,2004.11,17252987.0,Credit
2207,2004.12,20757082.0,Credit
2208,2005.01,17005757.0,Credit
2209,2005.02,16146986.0,Credit
2210,2005.03,17276621.0,Credit
2211,2005.04,16548919.0,Credit
2212,2005.05,16193717.0,Credit
2213,2005.06,15685785.0,Credit
2214,2005.07,16745457.0,Credit
2215,2005.08,16570645.0,Credit
2216,2005.09,16591871.0,Credit
2217,2005.1,17612660.0,Credit
2218,2005.11,18458065.0,Credit
2219,2005.12,22134805.0,Credit
2220,2006.01,18274521.0,Credit
2221,2006.02,17345060.0,Credit
2222,2006.03,18806699.0,Credit
2223,2006.04,17517668.0,Credit
2224,2006.05,17669549.0,Credit
2225,2006.06,16997504.0,Credit
2226,2006.07,17829244.0,Credit
2227,2006.08,17711578.0,Credit
2228,2006.09,17820275.0,Credit
2229,2006.1,18805575.0,Credit
2230,2006.11,19624708.0,Credit
2231,2006.12,23671499.0,Credit
2232,2007.01,19545850.0,Credit
2233,2007.02,18557377.0,Credit
2234,2007.03,20162509.0,Credit
2235,2007.04,18587246.0,Credit
2236,2007.05,18748426.0,Credit
2237,2007.06,18141396.0,Credit
2238,2007.07,18798164.0,Credit
2239,2007.08,18966609.0,Credit
2240,2007.09,18793722.0,Credit
2241,2007.1,19862271.0,Credit
2242,2007.11,21251436.0,Credit
2243,2007.12,24922367.0,Credit
2244,2008.01,20834418.0,Credit
2245,2008.02,20290604.0,Credit
2246,2008.03,20854877.0,Credit
2247,2008.04,19679892.0,Credit
2248,2008.05,20042098.0,Credit
2249,2008.06,18499502.0,Credit
2250,2008.07,19533237.0,Credit
2251,2008.08,19636111.0,Credit
2252,2008.09,19609346.0,Credit
2253,2008.1,20784626.0,Credit
2254,2008.11,21035482.0,Credit
2255,2008.12,24895334.0,Credit
2256,2009.01,20774136.0,Credit
2257,2009.02,19454665.0,Credit
2258,2009.03,21071936.0,Credit
2259,2009.04,19837729.0,Credit
2260,2009.05,20146649.0,Credit
2261,2009.06,18858982.0,Credit
2262,2009.07,20141973.0,Credit
2263,2009.08,19986336.0,Credit
2264,2009.09,20010989.0,Credit
2265,2009.1,21143820.0,Credit
2266,2009.11,21711165.0,Credit
2267,2009.12,25955332.0,Credit
2268,2010.01,21488765.0,Credit
2269,2010.02,20106337.0,Credit
2270,2010.03,22027224.0,Credit
2271,2010.04,20309391.0,Credit
2272,2010.05,20429149.0,Credit
2273,2010.06,19417528.0,Credit
2274,2010.07,20632337.0,Credit
2275,2010.08,20160510.0,Credit
2276,2010.09,20225247.0,Credit
2277,2010.1,21530230.0,Credit
2278,2010.11,22537248.0,Credit
2279,2010.12,26732727.0,Credit
2280,2011.01,22110790.0,Credit
2281,2011.02,20696721.0,Credit
2282,2011.03,22181010.0,Credit
2283,2011.04,21174530.0,Credit
2284,2011.05,20968434.0,Credit
2285,2011.06,20103215.0,Credit
2286,2011.07,21432251.0,Credit
2287,2011.08,21150558.0,Credit
2288,2011.09,21562649.0,Credit
2289,2011.1,23173979.0,Credit
2290,2011.11,23707881.0,Credit
2291,2011.12,28049355.0,Credit
2292,2012.01,23342708.0,Credit
2293,2012.02,22472769.0,Credit
2294,2012.03,23937283.0,Credit
2295,2012.04,22181559.0,Credit
2296,2012.05,22745705.0,Credit
2297,2012.06,21749293.0,Credit
2298,2012.07,22502434.0,Credit
2299,2012.08,23047543.0,Credit
2300,2012.09,22807795.0,Credit
2301,2012.1,24376246.0,Credit
2302,2012.11,25343856.0,Credit
2303,2012.12,29592596.0,Credit
2304,2013.01,25378048.0,Credit
2305,2013.02,23545253.0,Credit
2306,2013.03,25731091.0,Credit
2307,2013.04,24669656.0,Credit
2308,2013.05,25223399.0,Credit
2309,2013.06,23918677.0,Credit
2310,2013.07,25454944.0,Credit
2311,2013.08,25690110.0,Credit
2312,2013.09,24997508.0,Credit
2313,2013.1,27354121.0,Credit
2314,2013.11,28751075.0,Credit
2315,2013.12,33338557.0,Credit
2316,2014.01,28506199.0,Credit
2317,2014.02,26667097.0,Credit
2318,2014.03,28932631.0,Credit
2319,2014.04,27173538.0,Credit
2320,2014.05,28218440.0,Credit
2321,2014.06,26339572.0,Credit
2322,2014.07,28166140.0,Credit
2323,2014.08,28544120.0,Credit
2324,2014.09,28144266.0,Credit
2325,2014.1,30891559.0,Credit
2326,2014.11,31924545.0,Credit
2327,2014.12,37287685.0,Credit
2328,2015.01,32434072.0,Credit
2329,2015.02,30500763.0,Credit
2330,2015.03,33627039.0,Credit
2331,2015.04,31425030.0,Credit
2332,2015.05,32733891.0,Credit
2333,2015.06,31121096.0,Credit
2334,2015.07,33128870.0,Credit
2335,2015.08,33140386.0,Credit
2336,2015.09,33654291.0,Credit
2337,2015.1,36707995.0,Credit
2338,2015.11,37838615.0,Credit
2339,2015.12,44090056.0,Credit
2340,2016.01,38717785.0,Credit
2341,2016.02,37257362.0,Credit
2342,2016.03,40466743.0,Credit
2343,2016.04,39353431.0,Credit
2344,2016.05,39726634.0,Credit
2345,2016.06,38752175.0,Credit
2346,2016.07,41543336.0,Credit
2347,2016.08,41231038.0,Credit
2348,2016.09,41867426.0,Credit
2349,2016.1,44908575.0,Credit
2350,2016.11,46680996.0,Credit
2351,2016.12,53960131.0,Credit
2352,2017.01,51202490.0,Credit
2353,2017.02,49189170.0,Credit
2354,2017.03,54775598.0,Credit
2355,2017.04,51413711.0,Credit
2356,2017.05,53275208.0,Credit
2357,2017.06,51860426.0,Credit
2358,2017.07,54062554.0,Credit
2359,2017.08,54825394.0,Credit
2360,2017.09,54586990.0,Credit
2361,2017.1,57938193.0,Credit
2362,2017.11,61184237.0,Credit
2363,2017.12,68896511.0,Credit
2364,2018.01,61497091.0,Credit
2365,2018.02,58657866.0,Credit
2366,2018.03,65654908.0,Credit
2367,2018.04,60420178.0,Credit
2368,2018.05,62695915.0,Credit
2369,2018.06,60143201.0,Credit
2370,2018.07,62474197.0,Credit
2371,2018.08,63861055.0,Credit
2372,2018.09,63196952.0,Credit
2373,2018.1,67325177.0,Credit
2374,2018.11,69387593.0,Credit
2375,2018.12,76246452.0,Credit
2376,2019.01,69356410.0,Credit
2377,2019.02,65906904.0,Credit
2378,2019.03,72548757.0,Credit
2379,2019.04,67312583.0,Credit
2380,2019.05,69226191.0,Credit
2381,2019.06,65297723.0,Credit
2382,2019.07,68270489.0,Credit
2383,2019.08,69467688.0,Credit
2384,2019.09,67695662.0,Credit
2385,2019.1,72996883.0,Credit
2386,2019.11,75486977.0,Credit
2387,2019.12,81640304.0,Credit
2388,2020.01,74482827.0,Credit
2389,2020.02,74439700.0,Credit
2390,2020.03,66248312.0,Credit
2391,2020.04,30432871.0,Credit
2392,2020.05,67908120.0,Credit
2393,2020.06,80102035.0,Credit
2394,2020.07,86674554.0,Credit
2395,2020.08,79068718.0,Credit
2396,2020.09,83334610.0,Credit
2397,2020.1,91553622.0,Credit
2398,2020.11,89881747.0,Credit
2399,2020.12,99038735.0,Credit
2400,2021.01,88297262.0,Credit
2401,2021.02,81271965.0,Credit
2402,2021.03,89635241.0,Credit
2403,2021.04,88877898.0,Credit
2404,2021.05,93019309.0,Credit
2405,2021.06,90226170.0,Credit
2406,2021.07,97092326.0,Credit
2407,2021.08,69071785.0,Credit
2408,2021.09,69464684.0,Credit
2409,2021.1,85704272.0,Credit
2410,2021.11,90862379.0,Credit
2411,2021.12,105281201.0,Credit
2412,2022.01,94894899.0,Credit
2413,2022.02,82243269.0,Credit
2414,2022.03,88800768.0,Credit
2415,2022.04,90535003.0,Credit
2416,2022.05,94645449.0,Credit
2417,2022.06,92273670.0,Credit
2418,2022.07,95888704.0,Credit
2419,2022.08,97056578.0,Credit
2420,2022.09,98415645.0,Credit
2421,2022.1,103587147.0,Credit
2422,2022.11,104619534.0,Credit
2423,2022.12,114495572.0,Credit
2424,2002.1,39038420.0,Debit
2425,2002.11,38911771.0,Debit
2426,2002.12,43907358.0,Debit
2427,2003.01,38853493.0,Debit
2428,2003.02,36173632.0,Debit
2429,2003.03,40532110.0,Debit
2430,2003.04,39726248.0,Debit
2431,2003.05,41840340.0,Debit
2432,2003.06,39054440.0,Debit
2433,2003.07,41950775.0,Debit
2434,2003.08,42214939.0,Debit
2435,2003.09,40934626.0,Debit
2436,2003.1,43651136.0,Debit
2437,2003.11,42895779.0,Debit
2438,2003.12,48716663.0,Debit
2439,2004.01,43083375.0,Debit
2440,2004.02,40870341.0,Debit
2441,2004.03,44875910.0,Debit
2442,2004.04,44433513.0,Debit
2443,2004.05,45253122.0,Debit
2444,2004.06,43653528.0,Debit
2445,2004.07,46720153.0,Debit
2446,2004.08,45297133.0,Debit
2447,2004.09,45668882.0,Debit
2448,2004.1,47110816.0,Debit
2449,2004.11,47131111.0,Debit
2450,2004.12,53394533.0,Debit
2451,2005.01,46666236.0,Debit
2452,2005.02,44403807.0,Debit
2453,2005.03,49106390.0,Debit
2454,2005.04,48858498.0,Debit
2455,2005.05,48998434.0,Debit
2456,2005.06,48256085.0,Debit
2457,2005.07,50480687.0,Debit
2458,2005.08,50161642.0,Debit
2459,2005.09,50105062.0,Debit
2460,2005.1,51558604.0,Debit
2461,2005.11,51826598.0,Debit
2462,2005.12,58019636.0,Debit
2463,2006.01,50225263.0,Debit
2464,2006.02,47911924.0,Debit
2465,2006.03,54370326.0,Debit
2466,2006.04,51919913.0,Debit
2467,2006.05,53988011.0,Debit
2468,2006.06,52785666.0,Debit
2469,2006.07,54294767.0,Debit
2470,2006.08,54735393.0,Debit
2471,2006.09,54294792.0,Debit
2472,2006.1,55698588.0,Debit
2473,2006.11,56498212.0,Debit
2474,2006.12,63287863.0,Debit
2475,2007.01,55243092.0,Debit
2476,2007.02,53131805.0,Debit
2477,2007.03,60264545.0,Debit
2478,2007.04,56951352.0,Debit
2479,2007.05,60431650.0,Debit
2480,2007.06,58256290.0,Debit
2481,2007.07,59553150.0,Debit
2482,2007.08,61385922.0,Debit
2483,2007.09,59571996.0,Debit
2484,2007.1,61791295.0,Debit
2485,2007.11,62965734.0,Debit
2486,2007.12,69232315.0,Debit
2487,2008.01,61188929.0,Debit
2488,2008.02,59924903.0,Debit
2489,2008.03,63485992.0,Debit
2490,2008.04,62421072.0,Debit
2491,2008.05,65423121.0,Debit
2492,2008.06,60242608.0,Debit
2493,2008.07,63894742.0,Debit
2494,2008.08,64669902.0,Debit
2495,2008.09,63355396.0,Debit
2496,2008.1,68293561.0,Debit
2497,2008.11,66264162.0,Debit
2498,2008.12,73162548.0,Debit
2499,2009.01,65708737.0,Debit
2500,2009.02,61052301.0,Debit
2501,2009.03,67939544.0,Debit
2502,2009.04,66723892.0,Debit
2503,2009.05,69914584.0,Debit
2504,2009.06,65620643.0,Debit
2505,2009.07,69788051.0,Debit
2506,2009.08,69443618.0,Debit
2507,2009.09,68833802.0,Debit
2508,2009.1,72375958.0,Debit
2509,2009.11,69919855.0,Debit
2510,2009.12,78508135.0,Debit
2511,2010.01,69594189.0,Debit
2512,2010.02,65828359.0,Debit
2513,2010.03,73988996.0,Debit
2514,2010.04,71242376.0,Debit
2515,2010.05,73016673.0,Debit
2516,2010.06,70113834.0,Debit
2517,2010.07,74967520.0,Debit
2518,2010.08,72709343.0,Debit
2519,2010.09,72897773.0,Debit
2520,2010.1,77485131.0,Debit
2521,2010.11,75811336.0,Debit
2522,2010.12,84507231.0,Debit
2523,2011.01,73493637.0,Debit
2524,2011.02,69604706.0,Debit
2525,2011.03,78795346.0,Debit
2526,2011.04,76179199.0,Debit
2527,2011.05,76817799.0,Debit
2528,2011.06,75068138.0,Debit
2529,2011.07,78706650.0,Debit
2530,2011.08,77537097.0,Debit
2531,2011.09,77484630.0,Debit
2532,2011.1,80341832.0,Debit
2533,2011.11,79205234.0,Debit
2534,2011.12,87646297.0,Debit
2535,2012.01,76121872.0,Debit
2536,2012.02,75550260.0,Debit
2537,2012.03,83384454.0,Debit
2538,2012.04,77336334.0,Debit
2539,2012.05,81990124.0,Debit
2540,2012.06,78671489.0,Debit
2541,2012.07,80671940.0,Debit
2542,2012.08,82992517.0,Debit
2543,2012.09,80132433.0,Debit
2544,2012.1,83311019.0,Debit
2545,2012.11,84278288.0,Debit
2546,2012.12,91036315.0,Debit
2547,2013.01,81165418.0,Debit
2548,2013.02,76421221.0,Debit
2549,2013.03,85367696.0,Debit
2550,2013.04,81579498.0,Debit
2551,2013.05,85917826.0,Debit
2552,2013.06,81426424.0,Debit
2553,2013.07,85096408.0,Debit
2554,2013.08,86638373.0,Debit
2555,2013.09,82433565.0,Debit
2556,2013.1,88090823.0,Debit
2557,2013.11,87823000.0,Debit
2558,2013.12,94087533.0,Debit
2559,2014.01,84063475.0,Debit
2560,2014.02,80131375.0,Debit
2561,2014.03,88985843.0,Debit
2562,2014.04,84978983.0,Debit
2563,2014.05,91188351.0,Debit
2564,2014.06,84461538.0,Debit
2565,2014.07,88514440.0,Debit
2566,2014.08,88818680.0,Debit
2567,2014.09,85621766.0,Debit
2568,2014.1,91632531.0,Debit
2569,2014.11,89349950.0,Debit
2570,2014.12,97179372.0,Debit
2571,2015.01,88269780.0,Debit
2572,2015.02,82347136.0,Debit
2573,2015.03,91411391.0,Debit
2574,2015.04,87184554.0,Debit
2575,2015.05,91947346.0,Debit
2576,2015.06,86376061.0,Debit
2577,2015.07,91119610.0,Debit
2578,2015.08,89516505.0,Debit
2579,2015.09,88018905.0,Debit
2580,2015.1,93283027.0,Debit
2581,2015.11,90252156.0,Debit
2582,2015.12,99960240.0,Debit
2583,2016.01,87923024.0,Debit
2584,2016.02,85415566.0,Debit
2585,2016.03,92711553.0,Debit
2586,2016.04,91201380.0,Debit
2587,2016.05,90647662.0,Debit
2588,2016.06,88802637.0,Debit
2589,2016.07,92265012.0,Debit
2590,2016.08,89171935.0,Debit
2591,2016.09,88631282.0,Debit
2592,2016.1,92585351.0,Debit
2593,2016.11,91414929.0,Debit
2594,2016.12,99444698.0,Debit
2595,2017.01,85668909.0,Debit
2596,2017.02,82188055.0,Debit
2597,2017.03,92246872.0,Debit
2598,2017.04,86036641.0,Debit
2599,2017.05,89999581.0,Debit
2600,2017.06,86706503.0,Debit
2601,2017.07,87190610.0,Debit
2602,2017.08,88603537.0,Debit
2603,2017.09,87120790.0,Debit
2604,2017.1,89768242.0,Debit
2605,2017.11,91664200.0,Debit
2606,2017.12,97203927.0,Debit
2607,2018.01,84921048.0,Debit
2608,2018.02,80317808.0,Debit
2609,2018.03,90879639.0,Debit
2610,2018.04,83648602.0,Debit
2611,2018.05,88560347.0,Debit
2612,2018.06,85014535.0,Debit
2613,2018.07,86175747.0,Debit
2614,2018.08,88177232.0,Debit
2615,2018.09,84993473.0,Debit
2616,2018.1,88783051.0,Debit
2617,2018.11,88485008.0,Debit
2618,2018.12,94102458.0,Debit
2619,2019.01,84396662.0,Debit
2620,2019.02,80050541.0,Debit
2621,2019.03,89499784.0,Debit
2622,2019.04,83196381.0,Debit
2623,2019.05,88496225.0,Debit
2624,2019.06,83030700.0,Debit
2625,2019.07,85781923.0,Debit
2626,2019.08,87207398.0,Debit
2627,2019.09,83300098.0,Debit
2628,2019.1,89156916.0,Debit
2629,2019.11,88959908.0,Debit
2630,2019.12,92576249.0,Debit
2631,2020.01,83976370.0,Debit
2632,2020.02,84570255.0,Debit
2633,2020.03,71623452.0,Debit
2634,2020.04,19547555.0,Debit
2635,2020.05,48209270.0,Debit
2636,2020.06,64227827.0,Debit
2637,2020.07,73503517.0,Debit
2638,2020.08,65076647.0,Debit
2639,2020.09,67172166.0,Debit
2640,2020.1,73869769.0,Debit
2641,2020.11,71667137.0,Debit
2642,2020.12,78564548.0,Debit
2643,2021.01,69748979.0,Debit
2644,2021.02,64257556.0,Debit
2645,2021.03,69647888.0,Debit
2646,2021.04,69002780.0,Debit
2647,2021.05,71019255.0,Debit
2648,2021.06,68269970.0,Debit
2649,2021.07,71073432.0,Debit
2650,2021.08,47041306.0,Debit
2651,2021.09,43296045.0,Debit
2652,2021.1,54008447.0,Debit
2653,2021.11,56990598.0,Debit
2654,2021.12,64193551.0,Debit
2655,2022.01,57749512.0,Debit
2656,2022.02,51566508.0,Debit
2657,2022.03,55533769.0,Debit
2658,2022.04,56458157.0,Debit
2659,2022.05,58471249.0,Debit
2660,2022.06,56742853.0,Debit
2661,2022.07,58159216.0,Debit
2662,2022.08,59245522.0,Debit
2663,2022.09,59640389.0,Debit
2664,2022.1,61800098.0,Debit
2665,2022.11,61460799.0,Debit
2666,2022.12,65643500.0,Debit
2667,2002.12,4083.4,Credit
2668,2003.03,3847.9,Credit
2669,2003.06,3596.6,Credit
2670,2003.09,3752.6,Credit
2671,2003.12,4561.6,Credit
2672,2004.03,4396.9,Credit
2673,2004.06,4212.2,Credit
2674,2004.09,4338.8,Credit
2675,2004.12,5122.4,Credit
2676,2005.03,4807.8,Credit
2677,2005.06,4595.3,Credit
2678,2005.09,4772.3,Credit
2679,2005.12,5543.5,Credit
2680,2006.03,5299.5,Credit
2681,2006.06,5114.9,Credit
2682,2006.09,5228.4,Credit
2683,2006.12,6119.0,Credit
2684,2007.03,5809.7,Credit
2685,2007.06,5482.8,Credit
2686,2007.09,5629.3,Credit
2687,2007.12,6636.7,Credit
2688,2008.03,6233.6,Credit
2689,2008.06,5860.4,Credit
2690,2008.09,5944.7,Credit
2691,2008.12,6587.0,Credit
2692,2009.03,5989.0,Credit
2693,2009.06,5615.0,Credit
2694,2009.09,5751.8,Credit
2695,2009.12,6615.1,Credit
2696,2010.03,6153.6,Credit
2697,2010.06,5760.9,Credit
2698,2010.09,5878.6,Credit
2699,2010.12,6840.4,Credit
2700,2011.03,6371.8,Credit
2701,2011.06,6098.3,Credit
2702,2011.09,6216.1,Credit
2703,2011.12,7302.8,Credit
2704,2012.03,6794.0,Credit
2705,2012.06,6377.9,Credit
2706,2012.09,6460.0,Credit
2707,2012.12,7599.8,Credit
2708,2013.03,7066.4,Credit
2709,2013.06,6879.6,Credit
2710,2013.09,7032.8,Credit
2711,2013.12,8257.4,Credit
2712,2014.03,7670.1,Credit
2713,2014.06,7319.1,Credit
2714,2014.09,7407.2,Credit
2715,2014.12,8750.1,Credit
2716,2015.03,8131.5,Credit
2717,2015.06,7851.0,Credit
2718,2015.09,8168.2,Credit
2719,2015.12,9606.7,Credit
2720,2016.03,9055.7,Credit
2721,2016.06,8725.7,Credit
2722,2016.09,8951.2,Credit
2723,2016.12,10593.9,Credit
2724,2017.03,10920.9,Credit
2725,2017.06,10537.3,Credit
2726,2017.09,10711.7,Credit
2727,2017.12,12642.8,Credit
2728,2018.03,12173.9,Credit
2729,2018.06,11644.2,Credit
2730,2018.09,11930.1,Credit
2731,2018.12,13794.8,Credit
2732,2019.03,12933.2,Credit
2733,2019.06,12377.6,Credit
2734,2019.09,12502.7,Credit
2735,2019.12,14464.2,Credit
2736,2020.03,13326.1,Credit
2737,2020.06,11408.6,Credit
2738,2020.09,13963.0,Credit
2739,2020.12,15988.3,Credit
2740,2021.03,14158.7,Credit
2741,2021.06,14928.6,Credit
2742,2021.09,13958.8,Credit
2743,2021.12,17190.6,Credit
2744,2022.03,15618.7,Credit
2745,2022.06,16548.4,Credit
2746,2022.09,17113.4,Credit
2747,2022.12,19380.3,Credit
2748,2002.12,5114.9,Debit
2749,2003.03,4656.2,Debit
2750,2003.06,4815.2,Debit
2751,2003.09,5004.8,Debit
2752,2003.12,5593.5,Debit
2753,2004.03,5157.6,Debit
2754,2004.06,5301.7,Debit
2755,2004.09,5438.5,Debit
2756,2004.12,6017.1,Debit
2757,2005.03,5517.6,Debit
2758,2005.06,5707.9,Debit
2759,2005.09,5891.7,Debit
2760,2005.12,6526.3,Debit
2761,2006.03,5967.2,Debit
2762,2006.06,6225.6,Debit
2763,2006.09,6384.5,Debit
2764,2006.12,7120.7,Debit
2765,2007.03,6613.9,Debit
2766,2007.06,6829.8,Debit
2767,2007.09,6969.0,Debit
2768,2007.12,7751.8,Debit
2769,2008.03,7136.1,Debit
2770,2008.06,7178.8,Debit
2771,2008.09,7353.5,Debit
2772,2008.12,8157.1,Debit
2773,2009.03,7405.0,Debit
2774,2009.06,7613.9,Debit
2775,2009.09,7795.3,Debit
2776,2009.12,8561.2,Debit
2777,2010.03,7871.5,Debit
2778,2010.06,7950.3,Debit
2779,2010.09,8194.7,Debit
2780,2010.12,9196.2,Debit
2781,2011.03,8432.1,Debit
2782,2011.06,8676.3,Debit
2783,2011.09,8818.2,Debit
2784,2011.12,9700.6,Debit
2785,2012.03,9008.3,Debit
2786,2012.06,9104.3,Debit
2787,2012.09,9192.7,Debit
2788,2012.12,10145.2,Debit
2789,2013.03,9349.8,Debit
2790,2013.06,9478.3,Debit
2791,2013.09,9613.3,Debit
2792,2013.12,10621.5,Debit
2793,2014.03,9694.1,Debit
2794,2014.06,9884.3,Debit
2795,2014.09,9913.7,Debit
2796,2014.12,10943.9,Debit
2797,2015.03,9970.6,Debit
2798,2015.06,10099.6,Debit
2799,2015.09,10205.8,Debit
2800,2015.12,11223.5,Debit
2801,2016.03,10278.0,Debit
2802,2016.06,10355.6,Debit
2803,2016.09,10338.4,Debit
2804,2016.12,11305.5,Debit
2805,2017.03,10143.0,Debit
2806,2017.06,10242.0,Debit
2807,2017.09,10180.8,Debit
2808,2017.12,11195.9,Debit
2809,2018.03,9999.9,Debit
2810,2018.06,10048.4,Debit
2811,2018.09,10123.3,Debit
2812,2018.12,11008.6,Debit
2813,2019.03,9963.1,Debit
2814,2019.06,10072.6,Debit
2815,2019.09,10173.4,Debit
2816,2019.12,11176.3,Debit
2817,2020.03,9875.7,Debit
2818,2020.06,6505.9,Debit
2819,2020.09,9013.2,Debit
2820,2020.12,10044.7,Debit
2821,2021.03,8833.5,Debit
2822,2021.06,9134.1,Debit
2823,2021.09,7449.5,Debit
2824,2021.12,8594.0,Debit
2825,2022.03,7950.7,Debit
2826,2022.06,8323.0,Debit
2827,2022.09,8501.6,Debit
2828,2022.12,9416.3,Debit
2829,2002.12,3711.6,Credit
2830,2003.03,3828.1,Credit
2831,2003.06,3815.7,Credit
2832,2003.09,3938.2,Credit
2833,2003.12,4140.6,Credit
2834,2004.03,4314.3,Credit
2835,2004.06,4467.3,Credit
2836,2004.09,4559.5,Credit
2837,2004.12,4675.1,Credit
2838,2005.03,4773.8,Credit
2839,2005.06,4870.3,Credit
2840,2005.09,5011.9,Credit
2841,2005.12,5117.1,Credit
2842,2006.03,5212.2,Credit
2843,2006.06,5419.8,Credit
2844,2006.09,5536.0,Credit
2845,2006.12,5618.5,Credit
2846,2007.03,5754.4,Credit
2847,2007.06,5808.1,Credit
2848,2007.09,5913.2,Credit
2849,2007.12,6052.9,Credit
2850,2008.03,6125.2,Credit
2851,2008.06,6210.2,Credit
2852,2008.09,6203.0,Credit
2853,2008.12,6004.9,Credit
2854,2009.03,5979.1,Credit
2855,2009.06,5949.9,Credit
2856,2009.09,5994.0,Credit
2857,2009.12,6051.4,Credit
2858,2010.03,6119.9,Credit
2859,2010.06,6101.7,Credit
2860,2010.09,6158.2,Credit
2861,2010.12,6257.9,Credit
2862,2011.03,6332.7,Credit
2863,2011.06,6451.9,Credit
2864,2011.09,6529.9,Credit
2865,2011.12,6743.1,Credit
2866,2012.03,6678.2,Credit
2867,2012.06,6740.0,Credit
2868,2012.09,6822.0,Credit
2869,2012.12,6912.6,Credit
2870,2013.03,7056.1,Credit
2871,2013.06,7259.5,Credit
2872,2013.09,7378.8,Credit
2873,2013.12,7525.3,Credit
2874,2014.03,7645.3,Credit
2875,2014.06,7710.7,Credit
2876,2014.09,7789.8,Credit
2877,2014.12,7970.9,Credit
2878,2015.03,8112.3,Credit
2879,2015.06,8260.5,Credit
2880,2015.09,8575.0,Credit
2881,2015.12,8805.7,Credit
2882,2016.03,8880.3,Credit
2883,2016.06,9170.4,Credit
2884,2016.09,9435.7,Credit
2885,2016.12,9844.8,Credit
2886,2017.03,10710.6,Credit
2887,2017.06,11058.5,Credit
2888,2017.09,11389.4,Credit
2889,2017.12,11713.6,Credit
2890,2018.03,12008.0,Credit
2891,2018.06,12197.2,Credit
2892,2018.09,12582.9,Credit
2893,2018.12,12725.9,Credit
2894,2019.03,12852.5,Credit
2895,2019.06,12942.2,Credit
2896,2019.09,13059.1,Credit
2897,2019.12,13406.6,Credit
2898,2020.03,13040.4,Credit
2899,2020.06,11907.9,Credit
2900,2020.09,14554.6,Credit
2901,2020.12,14886.1,Credit
2902,2021.03,14031.4,Credit
2903,2021.06,15556.8,Credit
2904,2021.09,14586.2,Credit
2905,2021.12,16050.5,Credit
2906,2022.03,15472.5,Credit
2907,2022.06,17222.5,Credit
2908,2022.09,17885.1,Credit
2909,2022.12,18298.0,Credit
2910,2002.12,4760.9,Debit
2911,2003.03,4846.0,Debit
2912,2003.06,4929.0,Debit
2913,2003.09,5069.4,Debit
2914,2003.12,5201.2,Debit
2915,2004.03,5298.1,Debit
2916,2004.06,5425.8,Debit
2917,2004.09,5527.8,Debit
2918,2004.12,5607.3,Debit
2919,2005.03,5732.6,Debit
2920,2005.06,5840.5,Debit
2921,2005.09,5982.4,Debit
2922,2005.12,6086.8,Debit
2923,2006.03,6188.7,Debit
2924,2006.06,6371.5,Debit
2925,2006.09,6493.7,Debit
2926,2006.12,6645.9,Debit
2927,2007.03,6847.1,Debit
2928,2007.06,6991.6,Debit
2929,2007.09,7100.7,Debit
2930,2007.12,7251.1,Debit
2931,2008.03,7306.7,Debit
2932,2008.06,7351.5,Debit
2933,2008.09,7476.4,Debit
2934,2008.12,7581.3,Debit
2935,2009.03,7683.1,Debit
2936,2009.06,7797.7,Debit
2937,2009.09,7920.5,Debit
2938,2009.12,7991.5,Debit
2939,2010.03,8127.8,Debit
2940,2010.06,8141.5,Debit
2941,2010.09,8361.8,Debit
2942,2010.12,8575.1,Debit
2943,2011.03,8716.2,Debit
2944,2011.06,8879.8,Debit
2945,2011.09,8986.6,Debit
2946,2011.12,9059.8,Debit
2947,2012.03,9194.9,Debit
2948,2012.06,9312.9,Debit
2949,2012.09,9390.5,Debit
2950,2012.12,9510.6,Debit
2951,2013.03,9611.9,Debit
2952,2013.06,9690.4,Debit
2953,2013.09,9851.4,Debit
2954,2013.12,9903.3,Debit
2955,2014.03,10017.5,Debit
2956,2014.06,10103.8,Debit
2957,2014.09,10111.9,Debit
2958,2014.12,10183.8,Debit
2959,2015.03,10322.0,Debit
2960,2015.06,10324.3,Debit
2961,2015.09,10399.8,Debit
2962,2015.12,10473.9,Debit
2963,2016.03,10503.4,Debit
2964,2016.06,10592.1,Debit
2965,2016.09,10551.9,Debit
2966,2016.12,10526.0,Debit
2967,2017.03,10499.8,Debit
2968,2017.06,10480.3,Debit
2969,2017.09,10384.6,Debit
2970,2017.12,10426.1,Debit
2971,2018.03,10364.9,Debit
2972,2018.06,10284.3,Debit
2973,2018.09,10313.3,Debit
2974,2018.12,10274.5,Debit
2975,2019.03,10329.7,Debit
2976,2019.06,10303.8,Debit
2977,2019.09,10363.4,Debit
2978,2019.12,10384.8,Debit
2979,2020.03,10185.1,Debit
2980,2020.06,6648.5,Debit
2981,2020.09,9104.8,Debit
2982,2020.12,9367.7,Debit
2983,2021.03,9222.6,Debit
2984,2021.06,9320.6,Debit
2985,2021.09,7544.6,Debit
2986,2021.12,8008.1,Debit
2987,2022.03,8328.8,Debit
2988,2022.06,8481.4,Debit
2989,2022.09,8589.0,Debit
2990,2022.12,8786.8,Debit
2991,2002.12,3717.3,Credit
2992,2003.03,3770.0,Credit
2993,2003.06,3825.8,Credit
2994,2003.09,3946.1,Credit
2995,2003.12,4132.0,Credit
2996,2004.03,4317.9,Credit
2997,2004.06,4458.2,Credit
2998,2004.09,4568.6,Credit
2999,2004.12,4671.1,Credit
3000,2005.03,4771.4,Credit
3001,2005.06,4879.7,Credit
3002,2005.09,5004.0,Credit
3003,2005.12,5110.0,Credit
3004,2006.03,5236.2,Credit
3005,2006.06,5400.6,Credit
3006,2006.09,5533.8,Credit
3007,2006.12,5634.8,Credit
3008,2007.03,5734.6,Credit
3009,2007.06,5819.2,Credit
3010,2007.09,5919.5,Credit
3011,2007.12,6039.5,Credit
3012,2008.03,6138.8,Credit
3013,2008.06,6207.4,Credit
3014,2008.09,6178.7,Credit
3015,2008.12,6062.7,Credit
3016,2009.03,5970.2,Credit
3017,2009.06,5957.6,Credit
3018,2009.09,5989.8,Credit
3019,2009.12,6058.4,Credit
3020,2010.03,6100.9,Credit
3021,2010.06,6115.9,Credit
3022,2010.09,6160.9,Credit
3023,2010.12,6247.8,Credit
3024,2011.03,6341.0,Credit
3025,2011.06,6451.3,Credit
3026,2011.09,6571.9,Credit
3027,2011.12,6647.9,Credit
3028,2012.03,6687.7,Credit
3029,2012.06,6739.2,Credit
3030,2012.09,6817.9,Credit
3031,2012.12,6915.3,Credit
3032,2013.03,7067.2,Credit
3033,2013.06,7240.7,Credit
3034,2013.09,7390.9,Credit
3035,2013.12,7523.4,Credit
3036,2014.03,7638.2,Credit
3037,2014.06,7709.2,Credit
3038,2014.09,7806.7,Credit
3039,2014.12,7957.0,Credit
3040,2015.03,8104.0,Credit
3041,2015.06,8290.6,Credit
3042,2015.09,8562.0,Credit
3043,2015.12,8773.1,Credit
3044,2016.03,8925.2,Credit
3045,2016.06,9134.8,Credit
3046,2016.09,9459.1,Credit
3047,2016.12,9936.0,Credit
3048,2017.03,10536.9,Credit
3049,2017.06,11042.8,Credit
3050,2017.09,11403.4,Credit
3051,2017.12,11717.4,Credit
3052,2018.03,11980.3,Credit
3053,2018.06,12251.6,Credit
3054,2018.09,12534.0,Credit
3055,2018.12,12744.0,Credit
3056,2019.03,12846.3,Credit
3057,2019.06,12932.0,Credit
3058,2019.09,13087.6,Credit
3059,2019.12,13397.2,Credit
3060,2002.12,4761.3,Debit
3061,2003.03,4843.4,Debit
3062,2003.06,4938.3,Debit
3063,2003.09,5066.5,Debit
3064,2003.12,5194.4,Debit
3065,2004.03,5307.1,Debit
3066,2004.06,5421.4,Debit
3067,2004.09,5523.0,Debit
3068,2004.12,5616.9,Debit
3069,2005.03,5724.1,Debit
3070,2005.06,5849.5,Debit
3071,2005.09,5974.6,Debit
3072,2005.12,6083.3,Debit
3073,2006.03,6205.2,Debit
3074,2006.06,6354.5,Debit
3075,2006.09,6498.9,Debit
3076,2006.12,6655.0,Debit
3077,2007.03,6837.8,Debit
3078,2007.06,6987.5,Debit
3079,2007.09,7116.3,Debit
3080,2007.12,7235.0,Debit
3081,2008.03,7306.2,Debit
3082,2008.06,7365.5,Debit
3083,2008.09,7467.8,Debit
3084,2008.12,7581.4,Debit
3085,2009.03,7684.6,Debit
3086,2009.06,7801.8,Debit
3087,2009.09,7910.4,Debit
3088,2009.12,7998.4,Debit
3089,2010.03,8084.6,Debit
3090,2010.06,8201.3,Debit
3091,2010.09,8370.2,Debit
3092,2010.12,8559.2,Debit
3093,2011.03,8729.0,Debit
3094,2011.06,8872.3,Debit
3095,2011.09,8981.3,Debit
3096,2011.12,9072.6,Debit
3097,2012.03,9190.8,Debit
3098,2012.06,9305.1,Debit
3099,2012.09,9401.1,Debit
3100,2012.12,9506.4,Debit
3101,2013.03,9603.9,Debit
3102,2013.06,9712.2,Debit
3103,2013.09,9824.7,Debit
3104,2013.12,9922.5,Debit
3105,2014.03,10014.6,Debit
3106,2014.06,10089.7,Debit
3107,2014.09,10123.0,Debit
3108,2014.12,10195.7,Debit
3109,2015.03,10285.9,Debit
3110,2015.06,10342.0,Debit
3111,2015.09,10398.3,Debit
3112,2015.12,10463.1,Debit
3113,2016.03,10524.9,Debit
3114,2016.06,10567.8,Debit
3115,2016.09,10563.5,Debit
3116,2016.12,10524.4,Debit
3117,2017.03,10506.4,Debit
3118,2017.06,10458.5,Debit
3119,2017.09,10417.9,Debit
3120,2017.12,10402.4,Debit
3121,2018.03,10361.6,Debit
3122,2018.06,10306.8,Debit
3123,2018.09,10288.4,Debit
3124,2018.12,10299.3,Debit
3125,2019.03,10304.6,Debit
3126,2019.06,10325.1,Debit
3127,2019.09,10367.7,Debit
3128,2019.12,10358.7,Debit
3129,2002.12,234.6,Services
3130,2003.03,214.2,Services
3131,2003.06,224.7,Services
3132,2003.09,241.6,Services
3133,2003.12,265.0,Services
3134,2004.03,250.0,Services
3135,2004.06,265.8,Services
3136,2004.09,279.3,Services
3137,2004.12,305.7,Services
3138,2005.03,278.6,Services
3139,2005.06,303.0,Services
3140,2005.09,315.7,Services
3141,2005.12,337.1,Services
3142,2006.03,313.7,Services
3143,2006.06,327.8,Services
3144,2006.09,348.7,Services
3145,2006.12,378.2,Services
3146,2007.03,357.6,Services
3147,2007.06,369.4,Services
3148,2007.09,388.2,Services
3149,2007.12,420.2,Services
3150,2008.03,385.7,Services
3151,2008.06,405.1,Services
3152,2008.09,419.2,Services
3153,2008.12,444.3,Services
3154,2009.03,403.0,Services
3155,2009.06,420.9,Services
3156,2009.09,440.2,Services
3157,2009.12,472.0,Services
3158,2010.03,429.1,Services
3159,2010.06,436.3,Services
3160,2010.09,462.0,Services
3161,2010.12,500.1,Services
3162,2011.03,448.4,Services
3163,2011.06,467.0,Services
3164,2011.09,490.8,Services
3165,2011.12,528.2,Services
3166,2012.03,488.9,Services
3167,2012.06,498.2,Services
3168,2012.09,519.9,Services
3169,2012.12,564.7,Services
3170,2013.03,513.5,Services
3171,2013.06,539.7,Services
3172,2013.09,567.3,Services
3173,2013.12,654.6,Services
3174,2014.03,596.6,Services
3175,2014.06,619.9,Services
3176,2014.09,637.6,Services
3177,2014.12,694.1,Services
3178,2015.03,640.2,Services
3179,2015.06,658.5,Services
3180,2015.09,712.7,Services
3181,2015.12,741.9,Services
3182,2016.03,683.7,Services
3183,2016.06,724.2,Services
3184,2016.09,754.4,Services
3185,2016.12,791.0,Services
3186,2017.03,753.9,Services
3187,2017.06,783.0,Services
3188,2017.09,835.1,Services
3189,2017.12,879.7,Services
3190,2018.03,806.9,Services
3191,2018.06,844.7,Services
3192,2018.09,883.9,Services
3193,2018.12,940.6,Services
3194,2019.03,856.4,Services
3195,2019.06,879.2,Services
3196,2019.09,933.4,Services
3197,2019.12,996.3,Services
3198,2020.03,821.1,Services
3199,2020.06,609.0,Services
3200,2020.09,935.6,Services
3201,2020.12,1024.0,Services
3202,2021.03,896.5,Services
3203,2021.06,970.5,Services
3204,2021.09,787.1,Services
3205,2021.12,920.3,Services
3206,2022.03,876.4,Services
3207,2022.06,958.8,Services
3208,2022.09,1046.6,Services
3209,2022.12,1113.5,Services
3210,2002.12,220.5,Services
3211,2003.03,226.0,Services
3212,2003.06,229.1,Services
3213,2003.09,239.8,Services
3214,2003.12,249.2,Services
3215,2004.03,260.1,Services
3216,2004.06,271.1,Services
3217,2004.09,277.2,Services
3218,2004.12,287.6,Services
3219,2005.03,293.6,Services
3220,2005.06,309.1,Services
3221,2005.09,313.2,Services
3222,2005.12,319.7,Services
3223,2006.03,327.9,Services
3224,2006.06,334.5,Services
3225,2006.09,348.7,Services
3226,2006.12,358.8,Services
3227,2007.03,373.4,Services
3228,2007.06,377.3,Services
3229,2007.09,388.2,Services
3230,2007.12,395.4,Services
3231,2008.03,400.2,Services
3232,2008.06,414.4,Services
3233,2008.09,416.1,Services
3234,2008.12,417.6,Services
3235,2009.03,423.4,Services
3236,2009.06,431.3,Services
3237,2009.09,437.3,Services
3238,2009.12,442.8,Services
3239,2010.03,450.6,Services
3240,2010.06,447.7,Services
3241,2010.09,459.5,Services
3242,2010.12,468.3,Services
3243,2011.03,470.6,Services
3244,2011.06,479.7,Services
3245,2011.09,488.7,Services
3246,2011.12,497.9,Services
3247,2012.03,506.0,Services
3248,2012.06,512.4,Services
3249,2012.09,521.6,Services
3250,2012.12,528.3,Services
3251,2013.03,538.6,Services
3252,2013.06,554.7,Services
3253,2013.09,563.8,Services
3254,2013.12,613.8,Services
3255,2014.03,625.9,Services
3256,2014.06,636.7,Services
3257,2014.09,631.8,Services
3258,2014.12,652.8,Services
3259,2015.03,672.2,Services
3260,2015.06,675.3,Services
3261,2015.09,704.5,Services
3262,2015.12,699.7,Services
3263,2016.03,708.6,Services
3264,2016.06,742.8,Services
3265,2016.09,743.8,Services
3266,2016.12,753.0,Services
3267,2017.03,786.4,Services
3268,2017.06,802.6,Services
3269,2017.09,829.4,Services
3270,2017.12,837.4,Services
3271,2018.03,841.6,Services
3272,2018.06,866.5,Services
3273,2018.09,878.8,Services
3274,2018.12,886.9,Services
3275,2019.03,900.4,Services
3276,2019.06,901.8,Services
3277,2019.09,923.2,Services
3278,2019.12,937.3,Services
3279,2020.03,851.1,Services
3280,2020.06,625.2,Services
3281,2020.09,927.1,Services
3282,2020.12,961.8,Services
3283,2021.03,941.5,Services
3284,2021.06,995.7,Services
3285,2021.09,781.4,Services
3286,2021.12,863.9,Services
3287,2022.03,919.9,Services
3288,2022.06,983.5,Services
3289,2022.09,1039.9,Services
3290,2022.12,1053.2,Services
3291,2002.12,220.9,Services
3292,2003.03,225.2,Services
3293,2003.06,230.5,Services
3294,2003.09,239.0,Services
3295,2003.12,249.5,Services
3296,2004.03,260.4,Services
3297,2004.06,270.1,Services
3298,2004.09,278.5,Services
3299,2004.12,286.0,Services
3300,2005.03,295.8,Services
3301,2005.06,305.9,Services
3302,2005.09,313.9,Services
3303,2005.12,320.0,Services
3304,2006.03,327.0,Services
3305,2006.06,336.0,Services
3306,2006.09,347.2,Services
3307,2006.12,360.6,Services
3308,2007.03,371.0,Services
3309,2007.06,379.4,Services
3310,2007.09,387.3,Services
3311,2007.12,394.6,Services
3312,2008.03,402.7,Services
3313,2008.06,411.9,Services
3314,2008.09,416.7,Services
3315,2008.12,418.1,Services
3316,2009.03,423.5,Services
3317,2009.06,430.9,Services
3318,2009.09,437.2,Services
3319,2009.12,443.7,Services
3320,2010.03,448.8,Services
3321,2010.06,452.7,Services
3322,2010.09,459.4,Services
3323,2010.12,466.8,Services
3324,2011.03,472.1,Services
3325,2011.06,479.2,Services
3326,2011.09,488.8,Services
3327,2011.12,497.8,Services
3328,2012.03,505.6,Services
3329,2012.06,513.1,Services
3330,2012.09,520.7,Services
3331,2012.12,528.6,Services
3332,2013.03,538.8,Services
3333,2013.06,554.4,Services
3334,2013.09,579.1,Services
3335,2013.12,606.8,Services
3336,2014.03,627.5,Services
3337,2014.06,632.9,Services
3338,2014.09,636.9,Services
3339,2014.12,651.9,Services
3340,2015.03,668.0,Services
3341,2015.06,682.9,Services
3342,2015.09,696.6,Services
3343,2015.12,702.4,Services
3344,2016.03,713.5,Services
3345,2016.06,735.0,Services
3346,2016.09,745.5,Services
3347,2016.12,757.3,Services
3348,2017.03,781.4,Services
3349,2017.06,806.8,Services
3350,2017.09,826.2,Services
3351,2017.12,836.7,Services
3352,2018.03,845.8,Services
3353,2018.06,863.4,Services
3354,2018.09,878.7,Services
3355,2018.12,888.8,Services
3356,2019.03,896.9,Services
3357,2019.06,906.4,Services
3358,2019.09,922.1,Services
3359,2019.12,935.1,Services
3360,2002.12,43794553.0,Credit
3361,2003.03,40635472.0,Credit
3362,2003.06,38786185.0,Credit
3363,2003.09,40387656.0,Credit
3364,2003.12,49201203.0,Credit
3365,2004.03,46789595.0,Credit
3366,2004.06,44852693.0,Credit
3367,2004.09,46274370.0,Credit
3368,2004.12,54234106.0,Credit
3369,2005.03,50429364.0,Credit
3370,2005.06,48428422.0,Credit
3371,2005.09,49907973.0,Credit
3372,2005.12,58205530.0,Credit
3373,2006.03,54426281.0,Credit
3374,2006.06,52184721.0,Credit
3375,2006.09,53361097.0,Credit
3376,2006.12,62101782.0,Credit
3377,2007.03,58265736.0,Credit
3378,2007.06,55477068.0,Credit
3379,2007.09,56558495.0,Credit
3380,2007.12,66036073.0,Credit
3381,2008.03,61979899.0,Credit
3382,2008.06,58221491.0,Credit
3383,2008.09,58778694.0,Credit
3384,2008.12,66715442.0,Credit
3385,2009.03,61300737.0,Credit
3386,2009.06,58843361.0,Credit
3387,2009.09,60139298.0,Credit
3388,2009.12,68810317.0,Credit
3389,2010.03,63622326.0,Credit
3390,2010.06,60156068.0,Credit
3391,2010.09,61018094.0,Credit
3392,2010.12,70800205.0,Credit
3393,2011.03,64988521.0,Credit
3394,2011.06,62246179.0,Credit
3395,2011.09,64145458.0,Credit
3396,2011.12,74931215.0,Credit
3397,2012.03,69752760.0,Credit
3398,2012.06,66676557.0,Credit
3399,2012.09,68357772.0,Credit
3400,2012.12,79312698.0,Credit
3401,2013.03,74654392.0,Credit
3402,2013.06,73811732.0,Credit
3403,2013.09,76142562.0,Credit
3404,2013.12,89443753.0,Credit
3405,2014.03,84105927.0,Credit
3406,2014.06,81731550.0,Credit
3407,2014.09,84854526.0,Credit
3408,2014.12,100103789.0,Credit
3409,2015.03,96561874.0,Credit
3410,2015.06,95280017.0,Credit
3411,2015.09,99923547.0,Credit
3412,2015.12,118636666.0,Credit
3413,2016.03,116441890.0,Credit
3414,2016.06,117832240.0,Credit
3415,2016.09,124641801.0,Credit
3416,2016.12,145549702.0,Credit
3417,2017.03,155167258.0,Credit
3418,2017.06,156549345.0,Credit
3419,2017.09,163474938.0,Credit
3420,2017.12,188018941.0,Credit
3421,2018.03,185809865.0,Credit
3422,2018.06,183259294.0,Credit
3423,2018.09,189532204.0,Credit
3424,2018.12,212959222.0,Credit
3425,2019.03,207812071.0,Credit
3426,2019.06,201836497.0,Credit
3427,2019.09,205433839.0,Credit
3428,2019.12,230124164.0,Credit
3429,2020.03,215170839.0,Credit
3430,2020.06,178443026.0,Credit
3431,2020.09,249077882.0,Credit
3432,2020.12,280474104.0,Credit
3433,2021.03,259204468.0,Credit
3434,2021.06,272123377.0,Credit
3435,2021.09,235628795.0,Credit
3436,2021.12,281847852.0,Credit
3437,2022.03,265938936.0,Credit
3438,2022.06,277454122.0,Credit
3439,2022.09,291360927.0,Credit
3440,2022.12,322702253.0,Credit
3441,2002.12,121857550.0,Debit
3442,2003.03,115559235.0,Debit
3443,2003.06,120621028.0,Debit
3444,2003.09,125100340.0,Debit
3445,2003.12,135263578.0,Debit
3446,2004.03,128829626.0,Debit
3447,2004.06,133340162.0,Debit
3448,2004.09,137686168.0,Debit
3449,2004.12,147636460.0,Debit
3450,2005.03,140176432.0,Debit
3451,2005.06,146113017.0,Debit
3452,2005.09,150747391.0,Debit
3453,2005.12,161404839.0,Debit
3454,2006.03,152507513.0,Debit
3455,2006.06,158693589.0,Debit
3456,2006.09,163324953.0,Debit
3457,2006.12,175484663.0,Debit
3458,2007.03,168639442.0,Debit
3459,2007.06,175639292.0,Debit
3460,2007.09,180511068.0,Debit
3461,2007.12,193989344.0,Debit
3462,2008.03,184599824.0,Debit
3463,2008.06,188086801.0,Debit
3464,2008.09,191920041.0,Debit
3465,2008.12,207720272.0,Debit
3466,2009.03,194700582.0,Debit
3467,2009.06,202259120.0,Debit
3468,2009.09,208065472.0,Debit
3469,2009.12,220803948.0,Debit
3470,2010.03,209411544.0,Debit
3471,2010.06,214372883.0,Debit
3472,2010.09,220574636.0,Debit
3473,2010.12,237803698.0,Debit
3474,2011.03,221893689.0,Debit
3475,2011.06,228065136.0,Debit
3476,2011.09,233728377.0,Debit
3477,2011.12,247193363.0,Debit
3478,2012.03,235056586.0,Debit
3479,2012.06,237997947.0,Debit
3480,2012.09,243796890.0,Debit
3481,2012.12,258625622.0,Debit
3482,2013.03,242954335.0,Debit
3483,2013.06,248923748.0,Debit
3484,2013.09,254168346.0,Debit
3485,2013.12,270001356.0,Debit
3486,2014.03,253180693.0,Debit
3487,2014.06,260628872.0,Debit
3488,2014.09,262954886.0,Debit
3489,2014.12,278161853.0,Debit
3490,2015.03,262028307.0,Debit
3491,2015.06,265507961.0,Debit
3492,2015.09,268655020.0,Debit
3493,2015.12,283495423.0,Debit
3494,2016.03,266050143.0,Debit
3495,2016.06,270651679.0,Debit
3496,2016.09,270068229.0,Debit
3497,2016.12,283444978.0,Debit
3498,2017.03,260103836.0,Debit
3499,2017.06,262742725.0,Debit
3500,2017.09,262914937.0,Debit
3501,2017.12,278636369.0,Debit
3502,2018.03,256118495.0,Debit
3503,2018.06,257223484.0,Debit
3504,2018.09,259346452.0,Debit
3505,2018.12,271370517.0,Debit
3506,2019.03,253946987.0,Debit
3507,2019.06,254723306.0,Debit
3508,2019.09,256289419.0,Debit
3509,2019.12,270693073.0,Debit
3510,2020.03,240170077.0,Debit
3511,2020.06,131984652.0,Debit
3512,2020.09,205752330.0,Debit
3513,2020.12,224101454.0,Debit
3514,2021.03,203654423.0,Debit
3515,2021.06,208292005.0,Debit
3516,2021.09,161410783.0,Debit
3517,2021.12,175192596.0,Debit
3518,2022.03,164849789.0,Debit
3519,2022.06,171672259.0,Debit
3520,2022.09,177045127.0,Debit
3521,2022.12,188904397.0,Debit
